match_id,batting_team,total_runs,wickets
335982,Kolkata Knight Riders,222,3
335982,Royal Challengers Bangalore,82,10
335983,Chennai Super Kings,240,5
335983,Kings XI Punjab,207,4
335984,Delhi Daredevils,132,1
335984,Rajasthan Royals,129,8
335985,Mumbai Indians,165,7
335985,Royal Challengers Bangalore,166,5
335986,Deccan Chargers,110,10
335986,Kolkata Knight Riders,112,5
335987,Kings XI Punjab,166,8
335987,Rajasthan Royals,168,4
335988,Deccan Chargers,142,8
335988,Delhi Daredevils,143,1
335989,Chennai Super Kings,208,5
335989,Mumbai Indians,202,7
335990,Deccan Chargers,214,5
335990,Rajasthan Royals,217,7
335991,Kings XI Punjab,182,10
335991,Mumbai Indians,116,9
335992,Rajasthan Royals,138,3
335992,Royal Challengers Bangalore,135,8
335993,Chennai Super Kings,152,1
335993,Kolkata Knight Riders,147,9
335994,Deccan Chargers,155,0
335994,Mumbai Indians,154,7
335995,Delhi Daredevils,158,8
335995,Kings XI Punjab,162,6
335996,Chennai Super Kings,178,5
335996,Royal Challengers Bangalore,165,10
335997,Kolkata Knight Riders,137,8
335997,Mumbai Indians,138,3
335998,Delhi Daredevils,191,5
335998,Royal Challengers Bangalore,181,5
335999,Deccan Chargers,164,8
335999,Kings XI Punjab,167,3
336000,Kolkata Knight Riders,151,10
336000,Rajasthan Royals,196,7
336001,Chennai Super Kings,169,6
336001,Delhi Daredevils,172,2
336002,Deccan Chargers,165,10
336002,Royal Challengers Bangalore,171,5
336003,Kings XI Punjab,178,6
336003,Kolkata Knight Riders,169,6
336004,Delhi Daredevils,133,10
336004,Mumbai Indians,162,8
336005,Chennai Super Kings,109,10
336005,Rajasthan Royals,110,2
336006,Kings XI Punjab,127,4
336006,Royal Challengers Bangalore,126,10
336007,Chennai Super Kings,144,7
336007,Deccan Chargers,148,3
336008,Mumbai Indians,104,3
336008,Rajasthan Royals,103,10
336009,Chennai Super Kings,188,6
336009,Delhi Daredevils,187,5
336010,Kolkata Knight Riders,129,7
336010,Royal Challengers Bangalore,124,4
336011,Deccan Chargers,140,8
336011,Rajasthan Royals,141,2
336012,Mumbai Indians,126,1
336012,Royal Challengers Bangalore,122,9
336013,Chennai Super Kings,181,4
336013,Kings XI Punjab,163,9
336014,Deccan Chargers,181,7
336014,Kolkata Knight Riders,204,4
336015,Delhi Daredevils,156,7
336015,Rajasthan Royals,159,7
336016,Kings XI Punjab,144,1
336016,Royal Challengers Bangalore,143,8
336017,Delhi Daredevils,110,10
336017,Kolkata Knight Riders,133,6
336018,Chennai Super Kings,156,6
336018,Mumbai Indians,158,1
336019,Kings XI Punjab,221,3
336019,Rajasthan Royals,180,7
336020,Deccan Chargers,182,9
336020,Delhi Daredevils,194,4
336021,Kolkata Knight Riders,67,10
336021,Mumbai Indians,68,2
336022,Delhi Daredevils,118,4
336022,Kings XI Punjab,94,3
336023,Rajasthan Royals,197,1
336023,Royal Challengers Bangalore,132,9
336024,Deccan Chargers,153,7
336024,Mumbai Indians,178,7
336025,Chennai Super Kings,55,0
336025,Kolkata Knight Riders,149,5
336026,Delhi Daredevils,158,5
336026,Royal Challengers Bangalore,154,7
336027,Kolkata Knight Riders,147,8
336027,Rajasthan Royals,150,4
336028,Kings XI Punjab,189,4
336028,Mumbai Indians,188,10
336029,Chennai Super Kings,112,8
336029,Royal Challengers Bangalore,126,8
336031,Deccan Chargers,175,4
336031,Kings XI Punjab,178,4
336032,Delhi Daredevils,179,5
336032,Mumbai Indians,176,8
336033,Chennai Super Kings,201,7
336033,Rajasthan Royals,211,5
336034,Deccan Chargers,153,6
336034,Royal Challengers Bangalore,156,8
336035,Kings XI Punjab,174,6
336035,Kolkata Knight Riders,175,7
336036,Mumbai Indians,145,7
336036,Rajasthan Royals,146,5
336037,Chennai Super Kings,148,3
336037,Deccan Chargers,147,8
336038,Delhi Daredevils,87,10
336038,Rajasthan Royals,192,9
336039,Chennai Super Kings,116,1
336039,Kings XI Punjab,112,8
336040,Chennai Super Kings,163,5
336040,Rajasthan Royals,164,7
392181,Chennai Super Kings,146,7
392181,Mumbai Indians,165,7
392182,Rajasthan Royals,58,10
392182,Royal Challengers Bangalore,133,8
392183,Delhi Daredevils,58,0
392183,Kings XI Punjab,104,7
392184,Deccan Chargers,104,2
392184,Kolkata Knight Riders,101,10
392185,Chennai Super Kings,179,5
392185,Royal Challengers Bangalore,87,10
392186,Kings XI Punjab,158,6
392186,Kolkata Knight Riders,79,1
392188,Deccan Chargers,184,6
392188,Royal Challengers Bangalore,160,8
392189,Chennai Super Kings,180,9
392189,Delhi Daredevils,189,5
392190,Kolkata Knight Riders,165,9
392190,Rajasthan Royals,168,6
392191,Kings XI Punjab,173,3
392191,Royal Challengers Bangalore,168,9
392192,Deccan Chargers,168,9
392192,Mumbai Indians,156,7
392194,Delhi Daredevils,150,4
392194,Royal Challengers Bangalore,149,7
392195,Kings XI Punjab,139,6
392195,Rajasthan Royals,112,7
392196,Chennai Super Kings,165,6
392196,Deccan Chargers,169,4
392197,Kolkata Knight Riders,95,9
392197,Mumbai Indians,187,6
392198,Delhi Daredevils,143,7
392198,Rajasthan Royals,147,5
392199,Kolkata Knight Riders,139,6
392199,Royal Challengers Bangalore,143,5
392200,Kings XI Punjab,119,8
392200,Mumbai Indians,116,7
392201,Deccan Chargers,148,9
392201,Delhi Daredevils,150,4
392202,Chennai Super Kings,164,5
392202,Rajasthan Royals,126,9
392203,Kolkata Knight Riders,139,6
392203,Mumbai Indians,148,6
392204,Kings XI Punjab,137,7
392204,Royal Challengers Bangalore,145,9
392205,Deccan Chargers,141,5
392205,Rajasthan Royals,142,7
392206,Chennai Super Kings,163,10
392206,Delhi Daredevils,145,8
392207,Kings XI Punjab,154,4
392207,Kolkata Knight Riders,153,3
392208,Mumbai Indians,149,4
392208,Royal Challengers Bangalore,150,1
392209,Chennai Super Kings,178,3
392209,Deccan Chargers,100,10
392210,Kings XI Punjab,133,8
392210,Rajasthan Royals,211,4
392211,Delhi Daredevils,157,1
392211,Kolkata Knight Riders,154,3
392212,Deccan Chargers,145,6
392212,Mumbai Indians,126,8
392213,Rajasthan Royals,107,3
392213,Royal Challengers Bangalore,105,10
392214,Chennai Super Kings,185,3
392214,Kings XI Punjab,174,3
392215,Delhi Daredevils,118,3
392215,Mumbai Indians,116,10
392216,Deccan Chargers,168,5
392216,Kings XI Punjab,169,7
392217,Chennai Super Kings,141,3
392217,Rajasthan Royals,140,7
392218,Mumbai Indians,157,2
392218,Royal Challengers Bangalore,141,7
392219,Delhi Daredevils,125,3
392219,Kolkata Knight Riders,123,8
392220,Deccan Chargers,166,7
392220,Rajasthan Royals,113,10
392221,Kolkata Knight Riders,173,4
392221,Royal Challengers Bangalore,176,4
392222,Kings XI Punjab,119,9
392222,Mumbai Indians,122,2
392223,Deccan Chargers,161,10
392223,Delhi Daredevils,173,7
392224,Chennai Super Kings,129,10
392224,Royal Challengers Bangalore,132,8
392225,Mumbai Indians,143,10
392225,Rajasthan Royals,145,7
392226,Delhi Daredevils,120,9
392226,Kings XI Punjab,123,4
392227,Chennai Super Kings,151,3
392227,Mumbai Indians,147,5
392228,Deccan Chargers,166,4
392228,Kolkata Knight Riders,160,5
392229,Deccan Chargers,133,8
392229,Kings XI Punjab,134,7
392230,Delhi Daredevils,150,3
392230,Rajasthan Royals,136,9
392231,Chennai Super Kings,188,3
392231,Kolkata Knight Riders,189,3
392232,Delhi Daredevils,134,7
392232,Royal Challengers Bangalore,135,3
392233,Kolkata Knight Riders,102,6
392233,Rajasthan Royals,101,9
392234,Chennai Super Kings,116,9
392234,Kings XI Punjab,92,8
392235,Delhi Daredevils,166,6
392235,Mumbai Indians,165,8
392236,Deccan Chargers,158,6
392236,Royal Challengers Bangalore,170,4
392237,Deccan Chargers,154,4
392237,Delhi Daredevils,153,8
392238,Chennai Super Kings,146,5
392238,Royal Challengers Bangalore,149,4
392239,Deccan Chargers,143,6
392239,Royal Challengers Bangalore,137,9
419106,Deccan Chargers,150,7
419106,Kolkata Knight Riders,161,4
419107,Mumbai Indians,212,7
419107,Rajasthan Royals,208,7
419108,Delhi Daredevils,146,5
419108,Kings XI Punjab,142,9
419109,Kolkata Knight Riders,136,3
419109,Royal Challengers Bangalore,135,7
419110,Chennai Super Kings,159,9
419110,Deccan Chargers,190,4
419111,Delhi Daredevils,142,4
419111,Rajasthan Royals,141,6
419112,Kings XI Punjab,203,3
419112,Royal Challengers Bangalore,204,2
419113,Chennai Super Kings,164,3
419113,Kolkata Knight Riders,109,10
419114,Delhi Daredevils,120,9
419114,Mumbai Indians,218,7
419115,Rajasthan Royals,92,10
419115,Royal Challengers Bangalore,93,0
419116,Chennai Super Kings,190,5
419116,Delhi Daredevils,185,6
419117,Deccan Chargers,170,8
419117,Kings XI Punjab,164,8
419118,Kolkata Knight Riders,134,5
419118,Rajasthan Royals,168,7
419119,Mumbai Indians,151,9
419119,Royal Challengers Bangalore,155,3
419120,Deccan Chargers,171,6
419120,Delhi Daredevils,161,9
419121,Chennai Super Kings,145,9
419121,Kings XI Punjab,146,9
419122,Kolkata Knight Riders,155,3
419122,Mumbai Indians,156,3
419123,Chennai Super Kings,135,7
419123,Royal Challengers Bangalore,171,5
419124,Kings XI Punjab,152,10
419124,Rajasthan Royals,183,5
419125,Chennai Super Kings,180,2
419125,Mumbai Indians,181,5
419126,Deccan Chargers,148,9
419126,Rajasthan Royals,151,2
419127,Kings XI Punjab,144,6
419127,Kolkata Knight Riders,183,5
419128,Delhi Daredevils,183,4
419128,Royal Challengers Bangalore,166,9
419129,Chennai Super Kings,160,6
419129,Rajasthan Royals,177,8
419130,Deccan Chargers,131,10
419130,Mumbai Indians,172,7
419131,Delhi Daredevils,177,4
419131,Kolkata Knight Riders,137,9
419132,Kings XI Punjab,163,10
419132,Mumbai Indians,164,6
419133,Chennai Super Kings,162,5
419133,Royal Challengers Bangalore,161,4
419134,Delhi Daredevils,188,6
419134,Rajasthan Royals,121,10
419135,Deccan Chargers,157,5
419135,Kolkata Knight Riders,181,6
419136,Kings XI Punjab,181,5
419136,Royal Challengers Bangalore,184,4
419137,Chennai Super Kings,246,5
419137,Rajasthan Royals,223,5
419138,Deccan Chargers,115,10
419138,Mumbai Indians,178,5
419139,Kings XI Punjab,204,2
419139,Kolkata Knight Riders,200,3
419140,Delhi Daredevils,184,5
419140,Royal Challengers Bangalore,147,9
419141,Deccan Chargers,157,10
419141,Rajasthan Royals,159,10
419142,Chennai Super Kings,165,4
419142,Mumbai Indians,141,9
419143,Kings XI Punjab,153,6
419143,Rajasthan Royals,157,1
419144,Delhi Daredevils,167,8
419144,Kolkata Knight Riders,181,3
419145,Deccan Chargers,186,3
419145,Royal Challengers Bangalore,184,6
419146,Kings XI Punjab,158,4
419146,Mumbai Indians,154,9
419147,Chennai Super Kings,138,8
419147,Deccan Chargers,139,4
419148,Kolkata Knight Riders,160,9
419148,Royal Challengers Bangalore,162,3
419149,Delhi Daredevils,111,10
419149,Kings XI Punjab,112,3
419150,Mumbai Indians,174,5
419150,Rajasthan Royals,137,8
419151,Deccan Chargers,151,6
419151,Royal Challengers Bangalore,138,10
419152,Delhi Daredevils,144,7
419152,Mumbai Indians,183,4
419153,Chennai Super Kings,143,1
419153,Kolkata Knight Riders,139,8
419154,Rajasthan Royals,130,6
419154,Royal Challengers Bangalore,132,5
419155,Chennai Super Kings,112,9
419155,Delhi Daredevils,113,4
419156,Deccan Chargers,178,5
419156,Kings XI Punjab,174,3
419157,Mumbai Indians,191,4
419157,Royal Challengers Bangalore,134,9
419158,Kolkata Knight Riders,133,2
419158,Rajasthan Royals,132,9
419159,Chennai Super Kings,195,4
419159,Kings XI Punjab,192,3
419160,Deccan Chargers,145,7
419160,Delhi Daredevils,134,7
419161,Kolkata Knight Riders,135,1
419161,Mumbai Indians,133,8
419162,Mumbai Indians,184,5
419162,Royal Challengers Bangalore,149,9
419163,Chennai Super Kings,142,7
419163,Deccan Chargers,104,10
419164,Deccan Chargers,82,10
419164,Royal Challengers Bangalore,86,1
419165,Chennai Super Kings,168,5
419165,Mumbai Indians,146,9
501198,Chennai Super Kings,153,4
501198,Kolkata Knight Riders,151,7
501199,Deccan Chargers,137,8
501199,Rajasthan Royals,141,2
501200,Kochi Tuskers Kerala,161,5
501200,Royal Challengers Bangalore,162,4
501201,Delhi Daredevils,95,10
501201,Mumbai Indians,99,2
501202,Kings XI Punjab,112,8
501202,Pune Warriors,113,3
501203,Deccan Chargers,154,8
501203,Kolkata Knight Riders,163,4
501204,Delhi Daredevils,151,6
501204,Rajasthan Royals,152,4
501205,Mumbai Indians,143,1
501205,Royal Challengers Bangalore,140,4
501206,Chennai Super Kings,188,4
501206,Kings XI Punjab,193,4
501207,Kochi Tuskers Kerala,148,8
501207,Pune Warriors,151,6
501208,Deccan Chargers,175,5
501208,Royal Challengers Bangalore,142,9
501209,Kolkata Knight Riders,160,1
501209,Rajasthan Royals,159,4
501210,Kochi Tuskers Kerala,184,2
501210,Mumbai Indians,182,2
501211,Chennai Super Kings,183,5
501211,Royal Challengers Bangalore,162,7
501212,Deccan Chargers,165,8
501212,Kings XI Punjab,166,2
501213,Delhi Daredevils,190,7
501213,Pune Warriors,187,5
501214,Kolkata Knight Riders,85,2
501214,Rajasthan Royals,81,10
501215,Chennai Super Kings,131,4
501215,Kochi Tuskers Kerala,135,3
501216,Deccan Chargers,168,4
501216,Delhi Daredevils,152,7
501218,Mumbai Indians,124,3
501218,Pune Warriors,118,10
501219,Kochi Tuskers Kerala,132,7
501219,Kolkata Knight Riders,126,9
501220,Kings XI Punjab,195,7
501220,Rajasthan Royals,147,7
501221,Chennai Super Kings,156,9
501221,Mumbai Indians,164,4
501222,Kolkata Knight Riders,171,5
501222,Royal Challengers Bangalore,175,1
501223,Delhi Daredevils,231,4
501223,Kings XI Punjab,202,6
501224,Deccan Chargers,135,8
501224,Mumbai Indians,172,4
501225,Kochi Tuskers Kerala,109,10
501225,Rajasthan Royals,111,2
501226,Chennai Super Kings,142,6
501226,Pune Warriors,117,9
501227,Delhi Daredevils,160,6
501227,Royal Challengers Bangalore,161,7
501228,Chennai Super Kings,145,2
501228,Pune Warriors,141,6
501229,Deccan Chargers,129,7
501229,Kochi Tuskers Kerala,74,10
501230,Delhi Daredevils,131,9
501230,Kolkata Knight Riders,148,7
501231,Mumbai Indians,94,8
501231,Rajasthan Royals,95,3
501232,Pune Warriors,155,5
501232,Royal Challengers Bangalore,181,5
501233,Delhi Daredevils,157,7
501233,Kochi Tuskers Kerala,119,10
501234,Kings XI Punjab,119,6
501234,Kolkata Knight Riders,120,2
501235,Pune Warriors,143,7
501235,Rajasthan Royals,144,4
501236,Chennai Super Kings,165,5
501236,Deccan Chargers,146,8
501237,Kings XI Punjab,136,8
501237,Mumbai Indians,159,5
501238,Delhi Daredevils,140,6
501238,Kochi Tuskers Kerala,141,3
501239,Deccan Chargers,149,6
501239,Kolkata Knight Riders,169,4
501240,Chennai Super Kings,149,2
501240,Rajasthan Royals,147,6
501241,Mumbai Indians,160,7
501241,Pune Warriors,139,7
501242,Kochi Tuskers Kerala,156,5
501242,Kolkata Knight Riders,139,7
501243,Deccan Chargers,175,5
501243,Delhi Daredevils,179,6
501244,Kings XI Punjab,120,9
501244,Royal Challengers Bangalore,205,6
501245,Chennai Super Kings,114,4
501245,Kolkata Knight Riders,61,2
501246,Delhi Daredevils,146,10
501246,Mumbai Indians,178,4
501247,Kochi Tuskers Kerala,125,9
501247,Royal Challengers Bangalore,128,1
501248,Kings XI Punjab,119,8
501248,Pune Warriors,120,5
501249,Chennai Super Kings,196,3
501249,Rajasthan Royals,133,10
501250,Deccan Chargers,136,8
501250,Pune Warriors,137,4
501251,Kings XI Punjab,163,8
501251,Mumbai Indians,87,10
501252,Rajasthan Royals,146,6
501252,Royal Challengers Bangalore,151,1
501253,Chennai Super Kings,176,4
501253,Delhi Daredevils,158,6
501254,Kings XI Punjab,181,4
501254,Kochi Tuskers Kerala,178,7
501255,Kolkata Knight Riders,89,4
501255,Royal Challengers Bangalore,105,6
501256,Deccan Chargers,135,6
501256,Mumbai Indians,125,8
501257,Delhi Daredevils,141,8
501257,Kings XI Punjab,170,6
501258,Kochi Tuskers Kerala,98,2
501258,Rajasthan Royals,97,10
501259,Deccan Chargers,138,4
501259,Pune Warriors,136,9
501260,Kings XI Punjab,232,2
501260,Royal Challengers Bangalore,121,10
501261,Chennai Super Kings,152,5
501261,Kochi Tuskers Kerala,141,5
501262,Kolkata Knight Riders,119,3
501262,Pune Warriors,118,7
501263,Mumbai Indians,133,5
501263,Rajasthan Royals,134,0
501264,Deccan Chargers,198,2
501264,Kings XI Punjab,116,10
501265,Delhi Daredevils,56,3
501266,Chennai Super Kings,128,8
501266,Royal Challengers Bangalore,129,2
501267,Kolkata Knight Riders,175,7
501267,Mumbai Indians,178,5
501268,Chennai Super Kings,177,4
501268,Royal Challengers Bangalore,175,4
501269,Kolkata Knight Riders,147,7
501269,Mumbai Indians,148,6
501270,Mumbai Indians,142,8
501270,Royal Challengers Bangalore,185,4
501271,Chennai Super Kings,205,5
501271,Royal Challengers Bangalore,147,8
548306,Chennai Super Kings,112,10
548306,Mumbai Indians,115,3
548307,Delhi Daredevils,100,2
548307,Kolkata Knight Riders,97,9
548308,Mumbai Indians,101,9
548308,Pune Warriors,129,9
548309,Kings XI Punjab,160,9
548309,Rajasthan Royals,191,4
548310,Delhi Daredevils,137,7
548310,Royal Challengers Bangalore,157,8
548311,Chennai Super Kings,193,6
548311,Deccan Chargers,119,10
548312,Kolkata Knight Riders,142,10
548312,Rajasthan Royals,164,5
548313,Kings XI Punjab,144,8
548313,Pune Warriors,166,6
548314,Deccan Chargers,138,9
548314,Mumbai Indians,142,5
548315,Kolkata Knight Riders,165,8
548315,Royal Challengers Bangalore,123,9
548316,Chennai Super Kings,110,8
548316,Delhi Daredevils,111,2
548317,Mumbai Indians,197,6
548317,Rajasthan Royals,170,10
548318,Chennai Super Kings,208,5
548318,Royal Challengers Bangalore,205,8
548319,Kings XI Punjab,116,3
548319,Pune Warriors,115,10
548320,Kolkata Knight Riders,137,5
548320,Rajasthan Royals,131,5
548321,Deccan Chargers,157,8
548321,Delhi Daredevils,162,5
548322,Chennai Super Kings,155,5
548322,Pune Warriors,156,3
548323,Kings XI Punjab,134,9
548323,Kolkata Knight Riders,132,7
548324,Rajasthan Royals,195,2
548324,Royal Challengers Bangalore,136,10
548325,Delhi Daredevils,93,3
548325,Mumbai Indians,92,10
548326,Deccan Chargers,196,2
548326,Rajasthan Royals,197,5
548327,Pune Warriors,182,6
548327,Royal Challengers Bangalore,186,4
548328,Kings XI Punjab,124,7
548328,Kolkata Knight Riders,127,2
548329,Deccan Chargers,187,4
548329,Delhi Daredevils,193,1
548330,Chennai Super Kings,164,5
548330,Pune Warriors,151,7
548331,Kings XI Punjab,163,6
548331,Royal Challengers Bangalore,166,5
548332,Chennai Super Kings,147,3
548332,Rajasthan Royals,146,4
548333,Delhi Daredevils,172,7
548333,Pune Warriors,192,3
548334,Kings XI Punjab,164,4
548334,Mumbai Indians,163,6
548335,Deccan Chargers,126,7
548335,Kolkata Knight Riders,127,5
548336,Rajasthan Royals,143,7
548336,Royal Challengers Bangalore,189,3
548337,Delhi Daredevils,148,2
548337,Pune Warriors,146,2
548339,Kings XI Punjab,168,3
548339,Mumbai Indians,171,6
548341,Deccan Chargers,177,4
548341,Pune Warriors,159,7
548342,Delhi Daredevils,207,5
548342,Mumbai Indians,170,9
548343,Chennai Super Kings,149,8
548343,Kings XI Punjab,156,8
548344,Kolkata Knight Riders,190,4
548344,Royal Challengers Bangalore,143,6
548345,Delhi Daredevils,152,6
548345,Rajasthan Royals,151,3
548346,Deccan Chargers,100,10
548346,Mumbai Indians,101,5
548347,Chennai Super Kings,139,5
548347,Kolkata Knight Riders,140,5
548348,Deccan Chargers,186,4
548348,Pune Warriors,173,5
548349,Delhi Daredevils,144,4
548349,Rajasthan Royals,141,6
548350,Kings XI Punjab,163,6
548350,Royal Challengers Bangalore,158,5
548351,Mumbai Indians,120,9
548351,Pune Warriors,119,6
548352,Chennai Super Kings,160,6
548352,Deccan Chargers,150,5
548353,Kolkata Knight Riders,150,5
548353,Pune Warriors,143,8
548354,Kings XI Punjab,134,8
548354,Rajasthan Royals,177,6
548355,Chennai Super Kings,173,8
548355,Mumbai Indians,174,8
548356,Deccan Chargers,181,2
548356,Royal Challengers Bangalore,185,5
548357,Delhi Daredevils,153,9
548357,Kolkata Knight Riders,154,4
548358,Pune Warriors,125,6
548358,Rajasthan Royals,126,3
548359,Deccan Chargers,145,8
548359,Kings XI Punjab,170,5
548360,Mumbai Indians,141,6
548360,Royal Challengers Bangalore,142,1
548361,Chennai Super Kings,127,6
548361,Rajasthan Royals,126,6
548362,Pune Warriors,138,9
548362,Royal Challengers Bangalore,173,3
548363,Kolkata Knight Riders,155,4
548363,Mumbai Indians,182,1
548364,Chennai Super Kings,115,1
548364,Delhi Daredevils,114,5
548365,Pune Warriors,125,9
548365,Rajasthan Royals,170,4
548366,Deccan Chargers,190,4
548366,Kings XI Punjab,194,6
548367,Mumbai Indians,173,5
548367,Royal Challengers Bangalore,171,6
548368,Chennai Super Kings,160,5
548368,Kolkata Knight Riders,158,6
548369,Delhi Daredevils,140,5
548369,Kings XI Punjab,136,8
548370,Kolkata Knight Riders,140,7
548370,Mumbai Indians,108,10
548371,Chennai Super Kings,120,7
548371,Kings XI Punjab,123,4
548372,Delhi Daredevils,194,9
548372,Royal Challengers Bangalore,215,1
548373,Deccan Chargers,128,5
548373,Rajasthan Royals,126,8
548374,Delhi Daredevils,145,4
548374,Kings XI Punjab,141,8
548375,Kolkata Knight Riders,136,4
548375,Pune Warriors,102,8
548376,Deccan Chargers,132,7
548376,Royal Challengers Bangalore,123,9
548377,Mumbai Indians,163,0
548377,Rajasthan Royals,162,6
548378,Delhi Daredevils,144,8
548378,Kolkata Knight Riders,162,4
548379,Chennai Super Kings,187,5
548379,Mumbai Indians,149,9
548380,Chennai Super Kings,222,5
548380,Delhi Daredevils,136,10
548381,Chennai Super Kings,190,3
548381,Kolkata Knight Riders,192,5
597998,Delhi Daredevils,128,10
597998,Kolkata Knight Riders,129,4
597999,Mumbai Indians,154,5
597999,Royal Challengers Bangalore,156,5
598000,Pune Warriors,104,10
598000,Sunrisers Hyderabad,126,6
598001,Delhi Daredevils,160,6
598001,Rajasthan Royals,165,7
598002,Chennai Super Kings,139,9
598002,Mumbai Indians,148,6
598003,Kings XI Punjab,100,2
598003,Pune Warriors,99,9
598004,Royal Challengers Bangalore,145,8
598004,Sunrisers Hyderabad,150,7
598005,Kolkata Knight Riders,125,10
598005,Rajasthan Royals,144,6
598006,Delhi Daredevils,165,9
598006,Mumbai Indians,209,5
598007,Chennai Super Kings,139,0
598007,Kings XI Punjab,138,10
598008,Kolkata Knight Riders,154,8
598008,Royal Challengers Bangalore,158,2
598009,Pune Warriors,148,3
598009,Rajasthan Royals,145,5
598010,Delhi Daredevils,114,8
598010,Sunrisers Hyderabad,115,7
598011,Mumbai Indians,183,3
598011,Pune Warriors,142,8
598012,Chennai Super Kings,166,6
598012,Royal Challengers Bangalore,165,6
598013,Kolkata Knight Riders,180,4
598013,Sunrisers Hyderabad,132,7
598014,Kings XI Punjab,124,10
598014,Rajasthan Royals,126,4
598015,Chennai Super Kings,135,8
598015,Pune Warriors,159,5
598016,Kings XI Punjab,157,9
598016,Kolkata Knight Riders,153,9
598017,Delhi Daredevils,163,7
598017,Royal Challengers Bangalore,167,7
598018,Pune Warriors,108,10
598018,Sunrisers Hyderabad,119,8
598019,Mumbai Indians,92,10
598019,Rajasthan Royals,179,3
598020,Chennai Super Kings,169,4
598020,Delhi Daredevils,83,10
598021,Kings XI Punjab,123,9
598021,Sunrisers Hyderabad,127,5
598022,Chennai Super Kings,124,6
598022,Kolkata Knight Riders,119,9
598023,Rajasthan Royals,117,10
598023,Royal Challengers Bangalore,123,3
598024,Delhi Daredevils,165,1
598024,Mumbai Indians,161,4
598025,Kings XI Punjab,186,3
598025,Pune Warriors,185,4
598026,Chennai Super Kings,186,5
598026,Rajasthan Royals,185,4
598027,Pune Warriors,133,9
598027,Royal Challengers Bangalore,263,5
598028,Delhi Daredevils,164,7
598028,Kings XI Punjab,171,4
598029,Kolkata Knight Riders,159,6
598029,Mumbai Indians,162,5
598030,Chennai Super Kings,160,5
598030,Sunrisers Hyderabad,159,6
598031,Kings XI Punjab,149,6
598031,Kolkata Knight Riders,150,4
598032,Rajasthan Royals,146,2
598032,Sunrisers Hyderabad,144,9
598033,Mumbai Indians,194,7
598033,Royal Challengers Bangalore,136,7
598034,Chennai Super Kings,200,3
598034,Kolkata Knight Riders,186,4
598035,Delhi Daredevils,164,5
598035,Pune Warriors,149,4
598036,Rajasthan Royals,173,6
598036,Royal Challengers Bangalore,171,6
598037,Kings XI Punjab,170,10
598037,Mumbai Indians,174,3
598038,Chennai Super Kings,164,3
598038,Pune Warriors,127,9
598039,Mumbai Indians,129,4
598039,Sunrisers Hyderabad,130,3
598040,Delhi Daredevils,137,3
598040,Kolkata Knight Riders,136,7
598041,Chennai Super Kings,186,4
598041,Kings XI Punjab,171,6
598042,Pune Warriors,170,9
598042,Royal Challengers Bangalore,187,3
598043,Kolkata Knight Riders,133,2
598043,Rajasthan Royals,132,6
598044,Delhi Daredevils,80,10
598044,Sunrisers Hyderabad,81,4
598045,Kings XI Punjab,176,3
598045,Royal Challengers Bangalore,174,5
598046,Chennai Super Kings,79,10
598046,Mumbai Indians,139,5
598047,Pune Warriors,178,4
598047,Rajasthan Royals,182,5
598048,Royal Challengers Bangalore,162,3
598048,Sunrisers Hyderabad,161,6
598049,Delhi Daredevils,154,4
598049,Rajasthan Royals,155,1
598050,Kolkata Knight Riders,105,10
598050,Mumbai Indians,170,6
598051,Chennai Super Kings,223,3
598051,Sunrisers Hyderabad,146,8
598052,Kings XI Punjab,145,6
598052,Rajasthan Royals,147,2
598053,Kolkata Knight Riders,152,6
598053,Pune Warriors,106,10
598054,Delhi Daredevils,179,7
598054,Royal Challengers Bangalore,183,4
598055,Mumbai Indians,116,5
598055,Pune Warriors,112,8
598056,Kings XI Punjab,120,9
598056,Sunrisers Hyderabad,150,7
598057,Kolkata Knight Riders,116,5
598057,Royal Challengers Bangalore,115,9
598058,Chennai Super Kings,141,4
598058,Rajasthan Royals,144,5
598059,Delhi Daredevils,120,7
598059,Kings XI Punjab,121,5
598060,Mumbai Indians,184,4
598060,Sunrisers Hyderabad,178,3
598061,Kolkata Knight Riders,163,7
598061,Pune Warriors,170,4
598062,Chennai Super Kings,168,4
598062,Delhi Daredevils,135,9
598063,Mumbai Indians,166,8
598063,Rajasthan Royals,152,7
598064,Kings XI Punjab,194,4
598064,Royal Challengers Bangalore,190,3
598065,Rajasthan Royals,113,9
598065,Sunrisers Hyderabad,136,9
598066,Kings XI Punjab,183,8
598066,Mumbai Indians,133,9
598067,Delhi Daredevils,134,9
598067,Pune Warriors,172,5
598068,Chennai Super Kings,82,6
598068,Royal Challengers Bangalore,106,2
598069,Kolkata Knight Riders,130,7
598069,Sunrisers Hyderabad,132,5
598070,Chennai Super Kings,192,1
598070,Mumbai Indians,144,10
598071,Rajasthan Royals,135,6
598071,Sunrisers Hyderabad,132,7
598072,Mumbai Indians,169,6
598072,Rajasthan Royals,165,6
598073,Chennai Super Kings,125,9
598073,Mumbai Indians,148,9
729279,Kolkata Knight Riders,163,5
729279,Mumbai Indians,122,7
729281,Delhi Daredevils,145,4
729281,Royal Challengers Bangalore,146,2
729283,Chennai Super Kings,205,4
729283,Kings XI Punjab,206,4
729285,Rajasthan Royals,135,6
729285,Sunrisers Hyderabad,133,6
729287,Mumbai Indians,115,9
729287,Royal Challengers Bangalore,116,3
729289,Delhi Daredevils,167,6
729289,Kolkata Knight Riders,166,5
729291,Kings XI Punjab,193,3
729291,Rajasthan Royals,191,5
729293,Chennai Super Kings,177,7
729293,Delhi Daredevils,84,9
729295,Kings XI Punjab,193,6
729295,Sunrisers Hyderabad,121,10
729297,Chennai Super Kings,140,6
729297,Rajasthan Royals,133,10
729299,Kolkata Knight Riders,150,7
729299,Royal Challengers Bangalore,148,5
729301,Delhi Daredevils,180,4
729301,Sunrisers Hyderabad,184,1
729303,Chennai Super Kings,142,3
729303,Mumbai Indians,141,7
729305,Rajasthan Royals,71,4
729305,Royal Challengers Bangalore,70,10
729307,Kings XI Punjab,132,9
729307,Kolkata Knight Riders,109,10
729309,Delhi Daredevils,126,4
729309,Mumbai Indians,125,7
729311,Chennai Super Kings,146,5
729311,Sunrisers Hyderabad,145,5
729313,Kings XI Punjab,127,5
729313,Royal Challengers Bangalore,124,8
729315,Kolkata Knight Riders,163,10
729315,Rajasthan Royals,163,5
729317,Mumbai Indians,157,7
729317,Sunrisers Hyderabad,172,5
733971,Chennai Super Kings,148,3
733971,Kolkata Knight Riders,114,9
733973,Kings XI Punjab,168,5
733973,Mumbai Indians,170,5
733975,Delhi Daredevils,152,5
733975,Rajasthan Royals,156,3
733977,Royal Challengers Bangalore,158,6
733977,Sunrisers Hyderabad,155,6
733979,Kolkata Knight Riders,160,6
733979,Rajasthan Royals,170,6
733981,Chennai Super Kings,181,2
733981,Delhi Daredevils,178,5
733983,Mumbai Indians,187,5
733983,Royal Challengers Bangalore,168,8
733985,Delhi Daredevils,160,5
733985,Kolkata Knight Riders,161,2
733987,Chennai Super Kings,187,6
733987,Kings XI Punjab,231,4
733989,Rajasthan Royals,102,10
733989,Sunrisers Hyderabad,134,9
733991,Kings XI Punjab,198,8
733991,Royal Challengers Bangalore,166,9
733993,Delhi Daredevils,143,7
733993,Sunrisers Hyderabad,44,2
733995,Chennai Super Kings,160,6
733995,Mumbai Indians,157,6
733997,Kings XI Punjab,149,8
733997,Kolkata Knight Riders,150,1
733999,Rajasthan Royals,191,5
733999,Royal Challengers Bangalore,190,5
734001,Mumbai Indians,160,3
734001,Sunrisers Hyderabad,157,3
734003,Chennai Super Kings,149,5
734003,Rajasthan Royals,148,8
734005,Delhi Daredevils,170,7
734005,Royal Challengers Bangalore,186,4
734007,Kings XI Punjab,211,4
734007,Sunrisers Hyderabad,205,5
734009,Kolkata Knight Riders,142,4
734009,Mumbai Indians,141,5
734011,Delhi Daredevils,139,9
734011,Rajasthan Royals,201,6
734013,Chennai Super Kings,138,4
734013,Royal Challengers Bangalore,142,5
734015,Kolkata Knight Riders,146,3
734015,Sunrisers Hyderabad,142,8
734017,Mumbai Indians,178,3
734017,Rajasthan Royals,153,8
734019,Delhi Daredevils,164,7
734019,Kings XI Punjab,165,6
734021,Royal Challengers Bangalore,160,6
734021,Sunrisers Hyderabad,161,3
734023,Chennai Super Kings,154,4
734023,Kolkata Knight Riders,156,2
734025,Kings XI Punjab,156,8
734025,Mumbai Indians,159,3
734027,Kolkata Knight Riders,195,4
734027,Royal Challengers Bangalore,165,5
734029,Chennai Super Kings,185,3
734029,Sunrisers Hyderabad,189,4
734031,Delhi Daredevils,158,4
734031,Mumbai Indians,173,10
734033,Kings XI Punjab,179,4
734033,Rajasthan Royals,163,8
734035,Chennai Super Kings,160,2
734035,Royal Challengers Bangalore,154,6
734037,Kolkata Knight Riders,161,6
734037,Sunrisers Hyderabad,160,7
734039,Delhi Daredevils,115,10
734039,Kings XI Punjab,119,3
734041,Mumbai Indians,195,5
734041,Rajasthan Royals,189,4
734043,Kings XI Punjab,135,8
734043,Kolkata Knight Riders,163,8
734045,Chennai Super Kings,176,3
734045,Mumbai Indians,173,8
734047,Chennai Super Kings,202,7
734047,Kings XI Punjab,226,6
734049,Kings XI Punjab,199,4
734049,Kolkata Knight Riders,200,7
829705,Kolkata Knight Riders,170,3
829705,Mumbai Indians,168,3
829707,Chennai Super Kings,150,7
829707,Delhi Daredevils,149,9
829709,Kings XI Punjab,136,8
829709,Rajasthan Royals,162,7
829711,Chennai Super Kings,209,4
829711,Sunrisers Hyderabad,164,6
829713,Kolkata Knight Riders,177,6
829713,Royal Challengers Bangalore,179,7
829715,Delhi Daredevils,184,3
829715,Rajasthan Royals,186,7
829717,Kings XI Punjab,177,5
829717,Mumbai Indians,159,7
829719,Royal Challengers Bangalore,166,10
829719,Sunrisers Hyderabad,172,2
829721,Mumbai Indians,164,6
829721,Rajasthan Royals,165,3
829723,Chennai Super Kings,165,9
829723,Kolkata Knight Riders,169,3
829725,Delhi Daredevils,169,5
829725,Kings XI Punjab,165,7
829727,Rajasthan Royals,131,4
829727,Sunrisers Hyderabad,127,5
829729,Chennai Super Kings,189,4
829729,Mumbai Indians,183,7
829731,Delhi Daredevils,167,4
829731,Sunrisers Hyderabad,163,8
829733,Kings XI Punjab,155,9
829733,Kolkata Knight Riders,159,6
829735,Chennai Super Kings,156,4
829735,Rajasthan Royals,157,2
829737,Mumbai Indians,209,7
829737,Royal Challengers Bangalore,191,7
829739,Delhi Daredevils,146,8
829739,Kolkata Knight Riders,147,4
829741,Kings XI Punjab,206,8
829741,Rajasthan Royals,197,8
829743,Kolkata Knight Riders,101,4
829743,Sunrisers Hyderabad,176,4
829745,Chennai Super Kings,181,8
829745,Royal Challengers Bangalore,154,8
829747,Delhi Daredevils,190,4
829747,Mumbai Indians,153,9
829749,Rajasthan Royals,130,9
829749,Royal Challengers Bangalore,134,1
829751,Mumbai Indians,157,8
829751,Sunrisers Hyderabad,137,8
829753,Chennai Super Kings,192,3
829753,Kings XI Punjab,95,9
829757,Delhi Daredevils,95,10
829757,Royal Challengers Bangalore,99,0
829759,Kings XI Punjab,130,9
829759,Sunrisers Hyderabad,150,6
829761,Delhi Daredevils,158,6
829761,Kolkata Knight Riders,171,7
829763,Royal Challengers Bangalore,200,7
829765,Chennai Super Kings,134,6
829765,Kolkata Knight Riders,132,9
829767,Delhi Daredevils,119,1
829767,Kings XI Punjab,118,8
829769,Mumbai Indians,187,5
829769,Rajasthan Royals,179,7
829771,Kolkata Knight Riders,111,4
829771,Royal Challengers Bangalore,115,3
829773,Chennai Super Kings,170,6
829773,Sunrisers Hyderabad,192,7
829775,Kings XI Punjab,149,7
829775,Mumbai Indians,172,3
829777,Delhi Daredevils,175,7
829777,Rajasthan Royals,189,2
829779,Chennai Super Kings,148,9
829779,Royal Challengers Bangalore,124,10
829781,Kolkata Knight Riders,167,7
829781,Sunrisers Hyderabad,132,9
829783,Delhi Daredevils,152,6
829783,Mumbai Indians,153,5
829785,Kings XI Punjab,88,10
829785,Royal Challengers Bangalore,226,3
829787,Rajasthan Royals,194,7
829787,Sunrisers Hyderabad,201,4
829789,Chennai Super Kings,158,5
829789,Mumbai Indians,159,4
829791,Kings XI Punjab,183,5
829791,Kolkata Knight Riders,184,9
829793,Delhi Daredevils,157,4
829793,Sunrisers Hyderabad,163,4
829795,Mumbai Indians,196,7
829795,Royal Challengers Bangalore,235,1
829797,Chennai Super Kings,157,5
829797,Rajasthan Royals,145,9
829799,Kings XI Punjab,180,7
829799,Sunrisers Hyderabad,185,5
829801,Chennai Super Kings,119,6
829801,Delhi Daredevils,120,4
829803,Kings XI Punjab,106,6
829803,Royal Challengers Bangalore,84,6
829805,Kolkata Knight Riders,166,7
829805,Mumbai Indians,171,4
829807,Royal Challengers Bangalore,83,4
829807,Sunrisers Hyderabad,135,3
829809,Chennai Super Kings,134,3
829809,Kings XI Punjab,130,7
829811,Kolkata Knight Riders,190,9
829811,Rajasthan Royals,199,6
829813,Delhi Daredevils,187,5
829813,Royal Challengers Bangalore,2,0
829815,Mumbai Indians,114,1
829815,Sunrisers Hyderabad,113,10
829817,Chennai Super Kings,162,10
829817,Mumbai Indians,187,6
829819,Rajasthan Royals,109,10
829819,Royal Challengers Bangalore,180,4
829821,Chennai Super Kings,140,7
829821,Royal Challengers Bangalore,139,8
829823,Chennai Super Kings,161,8
829823,Mumbai Indians,202,5
980901,Mumbai Indians,121,8
980901,Rising Pune Supergiants,126,1
980903,Delhi Daredevils,98,10
980903,Kolkata Knight Riders,99,1
980905,Gujarat Lions,162,5
980905,Kings XI Punjab,161,6
980907,Royal Challengers Bangalore,227,4
980907,Sunrisers Hyderabad,182,6
980909,Kolkata Knight Riders,187,5
980909,Mumbai Indians,188,4
980911,Gujarat Lions,164,3
980911,Rising Pune Supergiants,163,5
980913,Delhi Daredevils,113,2
980913,Kings XI Punjab,111,9
980915,Kolkata Knight Riders,146,2
980915,Sunrisers Hyderabad,142,7
980917,Gujarat Lions,147,7
980917,Mumbai Indians,143,8
980919,Kings XI Punjab,153,4
980919,Rising Pune Supergiants,152,7
980921,Delhi Daredevils,192,3
980921,Royal Challengers Bangalore,191,5
980923,Mumbai Indians,142,6
980923,Sunrisers Hyderabad,145,3
980925,Kings XI Punjab,138,8
980925,Kolkata Knight Riders,141,4
980927,Mumbai Indians,171,4
980927,Royal Challengers Bangalore,170,7
980929,Gujarat Lions,135,8
980929,Sunrisers Hyderabad,137,0
980931,Rising Pune Supergiants,172,9
980931,Royal Challengers Bangalore,185,3
980933,Delhi Daredevils,164,4
980933,Mumbai Indians,154,7
980935,Kings XI Punjab,143,6
980935,Sunrisers Hyderabad,146,5
980937,Gujarat Lions,182,4
980937,Royal Challengers Bangalore,180,2
980939,Kolkata Knight Riders,162,8
980939,Rising Pune Supergiants,160,5
980941,Kings XI Punjab,164,7
980941,Mumbai Indians,189,6
980943,Rising Pune Supergiants,94,3
980943,Sunrisers Hyderabad,118,8
980945,Delhi Daredevils,171,5
980945,Gujarat Lions,172,6
980947,Kolkata Knight Riders,174,5
980947,Mumbai Indians,178,4
980949,Gujarat Lions,196,7
980949,Rising Pune Supergiants,195,3
980951,Delhi Daredevils,186,8
980951,Kolkata Knight Riders,159,10
980953,Royal Challengers Bangalore,179,6
980953,Sunrisers Hyderabad,194,5
980955,Gujarat Lions,131,9
980955,Kings XI Punjab,154,10
980957,Mumbai Indians,161,2
980957,Rising Pune Supergiants,159,5
980959,Kolkata Knight Riders,189,5
980959,Royal Challengers Bangalore,185,7
980961,Delhi Daredevils,150,2
980961,Gujarat Lions,149,7
980963,Kings XI Punjab,157,9
980963,Kolkata Knight Riders,164,3
980965,Delhi Daredevils,162,7
980965,Rising Pune Supergiants,166,3
980967,Gujarat Lions,126,6
980967,Sunrisers Hyderabad,129,5
980969,Rising Pune Supergiants,191,6
980969,Royal Challengers Bangalore,195,3
980971,Delhi Daredevils,172,5
980971,Kings XI Punjab,181,5
980973,Mumbai Indians,92,10
980973,Sunrisers Hyderabad,177,3
980975,Gujarat Lions,164,5
980975,Kolkata Knight Riders,158,4
980977,Kings XI Punjab,174,4
980977,Royal Challengers Bangalore,175,6
980979,Rising Pune Supergiants,133,8
980979,Sunrisers Hyderabad,137,8
980981,Mumbai Indians,153,4
980981,Royal Challengers Bangalore,151,4
980983,Delhi Daredevils,150,3
980983,Sunrisers Hyderabad,146,8
980985,Kings XI Punjab,127,3
980985,Mumbai Indians,124,9
980987,Gujarat Lions,104,10
980987,Royal Challengers Bangalore,248,3
980989,Kolkata Knight Riders,66,2
980989,Rising Pune Supergiants,103,6
980991,Kings XI Punjab,179,4
980991,Sunrisers Hyderabad,180,3
980993,Delhi Daredevils,126,10
980993,Mumbai Indians,206,4
980995,Kolkata Knight Riders,183,5
980995,Royal Challengers Bangalore,186,1
980997,Delhi Daredevils,121,6
980997,Rising Pune Supergiants,76,1
980999,Kings XI Punjab,120,9
980999,Royal Challengers Bangalore,211,3
981001,Gujarat Lions,125,4
981001,Kolkata Knight Riders,124,8
981003,Delhi Daredevils,161,4
981003,Sunrisers Hyderabad,158,7
981005,Kings XI Punjab,172,7
981005,Rising Pune Supergiants,173,6
981007,Gujarat Lions,173,4
981007,Mumbai Indians,172,8
981009,Kolkata Knight Riders,171,6
981009,Sunrisers Hyderabad,149,8
981011,Delhi Daredevils,138,8
981011,Royal Challengers Bangalore,139,4
981013,Gujarat Lions,158,10
981013,Royal Challengers Bangalore,159,6
981015,Kolkata Knight Riders,140,8
981015,Sunrisers Hyderabad,162,8
981017,Gujarat Lions,162,7
981017,Sunrisers Hyderabad,163,6
981019,Royal Challengers Bangalore,200,7
981019,Sunrisers Hyderabad,208,7
1082591,Royal Challengers Bangalore,172,10
1082591,Sunrisers Hyderabad,207,4
1082592,Mumbai Indians,184,8
1082592,Rising Pune Supergiant,187,3
1082593,Gujarat Lions,183,4
1082593,Kolkata Knight Riders,184,0
1082594,Kings XI Punjab,164,4
1082594,Rising Pune Supergiant,163,6
1082595,Delhi Daredevils,142,9
1082595,Royal Challengers Bangalore,157,8
1082596,Gujarat Lions,135,7
1082596,Sunrisers Hyderabad,140,1
1082597,Kolkata Knight Riders,178,7
1082597,Mumbai Indians,180,6
1082598,Kings XI Punjab,150,2
1082598,Royal Challengers Bangalore,148,4
1082599,Delhi Daredevils,205,4
1082599,Rising Pune Supergiant,108,10
1082600,Mumbai Indians,159,6
1082600,Sunrisers Hyderabad,158,8
1082601,Kings XI Punjab,170,9
1082601,Kolkata Knight Riders,171,2
1082602,Mumbai Indians,145,6
1082602,Royal Challengers Bangalore,142,5
1082603,Gujarat Lions,172,3
1082603,Rising Pune Supergiant,171,8
1082604,Kolkata Knight Riders,172,6
1082604,Sunrisers Hyderabad,155,6
1082605,Delhi Daredevils,188,6
1082605,Kings XI Punjab,137,9
1082606,Gujarat Lions,176,4
1082606,Mumbai Indians,177,4
1082607,Rising Pune Supergiant,161,8
1082607,Royal Challengers Bangalore,134,9
1082608,Delhi Daredevils,168,7
1082608,Kolkata Knight Riders,169,6
1082609,Kings XI Punjab,154,10
1082609,Sunrisers Hyderabad,159,6
1082610,Gujarat Lions,192,7
1082610,Royal Challengers Bangalore,213,2
1082611,Delhi Daredevils,176,5
1082611,Sunrisers Hyderabad,191,4
1082612,Kings XI Punjab,198,4
1082612,Mumbai Indians,199,2
1082613,Gujarat Lions,188,6
1082613,Kolkata Knight Riders,187,5
1082614,Delhi Daredevils,128,7
1082614,Mumbai Indians,142,8
1082615,Rising Pune Supergiant,179,4
1082615,Sunrisers Hyderabad,176,3
1082616,Gujarat Lions,162,7
1082616,Kings XI Punjab,188,7
1082617,Kolkata Knight Riders,131,10
1082617,Royal Challengers Bangalore,49,10
1082618,Mumbai Indians,157,8
1082618,Rising Pune Supergiant,160,6
1082620,Kolkata Knight Riders,184,3
1082620,Rising Pune Supergiant,182,5
1082621,Gujarat Lions,135,3
1082621,Royal Challengers Bangalore,134,10
1082622,Delhi Daredevils,160,6
1082622,Kolkata Knight Riders,161,3
1082623,Kings XI Punjab,181,9
1082623,Sunrisers Hyderabad,207,3
1082624,Rising Pune Supergiant,157,3
1082624,Royal Challengers Bangalore,96,9
1082625,Gujarat Lions,159,9
1082625,Mumbai Indians,164,12
1082626,Delhi Daredevils,67,10
1082626,Kings XI Punjab,68,0
1082627,Kolkata Knight Riders,161,7
1082627,Sunrisers Hyderabad,209,3
1082628,Mumbai Indians,165,6
1082628,Royal Challengers Bangalore,162,8
1082629,Gujarat Lions,161,10
1082629,Rising Pune Supergiant,167,5
1082630,Delhi Daredevils,189,4
1082630,Sunrisers Hyderabad,185,3
1082631,Kolkata Knight Riders,155,8
1082631,Rising Pune Supergiant,158,6
1082632,Delhi Daredevils,214,3
1082632,Gujarat Lions,208,7
1082633,Kings XI Punjab,138,7
1082633,Royal Challengers Bangalore,119,10
1082634,Rising Pune Supergiant,148,8
1082634,Sunrisers Hyderabad,136,9
1082635,Delhi Daredevils,66,10
1082635,Mumbai Indians,212,3
1082636,Kolkata Knight Riders,159,4
1082636,Royal Challengers Bangalore,158,6
1082637,Gujarat Lions,192,4
1082637,Kings XI Punjab,189,3
1082638,Mumbai Indians,138,7
1082638,Sunrisers Hyderabad,140,3
1082639,Kings XI Punjab,167,6
1082639,Kolkata Knight Riders,153,6
1082640,Delhi Daredevils,197,8
1082640,Gujarat Lions,195,5
1082641,Kings XI Punjab,230,3
1082641,Mumbai Indians,223,6
1082642,Delhi Daredevils,168,8
1082642,Rising Pune Supergiant,161,7
1082643,Gujarat Lions,154,10
1082643,Sunrisers Hyderabad,158,2
1082644,Kolkata Knight Riders,164,8
1082644,Mumbai Indians,173,5
1082645,Kings XI Punjab,73,10
1082645,Rising Pune Supergiant,78,1
1082646,Delhi Daredevils,151,10
1082646,Royal Challengers Bangalore,161,6
1082647,Mumbai Indians,142,9
1082647,Rising Pune Supergiant,162,4
1082648,Kolkata Knight Riders,48,3
1082648,Sunrisers Hyderabad,128,7
1082649,Kolkata Knight Riders,107,10
1082649,Mumbai Indians,111,4
1082650,Mumbai Indians,129,8
1082650,Rising Pune Supergiant,128,6
1136561,Chennai Super Kings,169,9
1136561,Mumbai Indians,165,4
1136562,Delhi Daredevils,166,7
1136562,Kings XI Punjab,167,4
1136563,Kolkata Knight Riders,177,6
1136563,Royal Challengers Bangalore,176,7
1136564,Rajasthan Royals,125,9
1136564,Sunrisers Hyderabad,127,1
1136565,Chennai Super Kings,205,5
1136565,Kolkata Knight Riders,202,6
1136566,Delhi Daredevils,60,4
1136566,Rajasthan Royals,153,5
1136567,Mumbai Indians,147,8
1136567,Sunrisers Hyderabad,151,9
1136568,Kings XI Punjab,155,10
1136568,Royal Challengers Bangalore,159,6
1136569,Delhi Daredevils,195,3
1136569,Mumbai Indians,194,7
1136570,Kolkata Knight Riders,138,8
1136570,Sunrisers Hyderabad,139,5
1136571,Rajasthan Royals,217,4
1136571,Royal Challengers Bangalore,198,6
1136572,Chennai Super Kings,193,5
1136572,Kings XI Punjab,197,7
1136573,Delhi Daredevils,129,10
1136573,Kolkata Knight Riders,200,9
1136574,Mumbai Indians,213,6
1136574,Royal Challengers Bangalore,167,8
1136575,Kolkata Knight Riders,163,3
1136575,Rajasthan Royals,160,8
1136576,Kings XI Punjab,193,3
1136576,Sunrisers Hyderabad,178,5
1136577,Chennai Super Kings,204,5
1136577,Rajasthan Royals,140,10
1136578,Kings XI Punjab,126,1
1136578,Kolkata Knight Riders,191,7
1136579,Delhi Daredevils,174,5
1136579,Royal Challengers Bangalore,176,4
1136580,Chennai Super Kings,182,3
1136580,Sunrisers Hyderabad,178,6
1136581,Mumbai Indians,167,7
1136581,Rajasthan Royals,168,7
1136582,Delhi Daredevils,139,8
1136582,Kings XI Punjab,143,8
1136583,Mumbai Indians,87,10
1136583,Sunrisers Hyderabad,118,10
1136584,Chennai Super Kings,207,5
1136584,Royal Challengers Bangalore,205,8
1136585,Kings XI Punjab,119,10
1136585,Sunrisers Hyderabad,132,6
1136586,Delhi Daredevils,219,4
1136586,Kolkata Knight Riders,164,9
1136587,Chennai Super Kings,169,5
1136587,Mumbai Indians,170,2
1136588,Rajasthan Royals,140,6
1136588,Sunrisers Hyderabad,151,7
1136589,Kolkata Knight Riders,176,5
1136589,Royal Challengers Bangalore,175,4
1136590,Chennai Super Kings,211,4
1136590,Delhi Daredevils,198,5
1136591,Mumbai Indians,153,7
1136591,Royal Challengers Bangalore,167,7
1136592,Delhi Daredevils,196,6
1136592,Rajasthan Royals,146,5
1136593,Chennai Super Kings,177,5
1136593,Kolkata Knight Riders,180,4
1136594,Kings XI Punjab,174,6
1136594,Mumbai Indians,176,4
1136595,Chennai Super Kings,128,4
1136595,Royal Challengers Bangalore,127,9
1136596,Delhi Daredevils,163,5
1136596,Sunrisers Hyderabad,164,3
1136597,Kolkata Knight Riders,168,6
1136597,Mumbai Indians,181,4
1136598,Kings XI Punjab,155,4
1136598,Rajasthan Royals,152,9
1136599,Royal Challengers Bangalore,141,6
1136599,Sunrisers Hyderabad,146,10
1136600,Kings XI Punjab,143,7
1136600,Rajasthan Royals,158,8
1136601,Kolkata Knight Riders,108,10
1136601,Mumbai Indians,210,6
1136602,Delhi Daredevils,187,5
1136602,Sunrisers Hyderabad,191,1
1136603,Chennai Super Kings,176,4
1136603,Rajasthan Royals,177,6
1136604,Kings XI Punjab,214,8
1136604,Kolkata Knight Riders,245,6
1136605,Delhi Daredevils,181,4
1136605,Royal Challengers Bangalore,187,5
1136606,Chennai Super Kings,180,2
1136606,Sunrisers Hyderabad,179,4
1136607,Mumbai Indians,168,6
1136607,Rajasthan Royals,171,3
1136608,Kings XI Punjab,88,10
1136608,Royal Challengers Bangalore,92,0
1136609,Kolkata Knight Riders,145,4
1136609,Rajasthan Royals,142,10
1136610,Kings XI Punjab,183,5
1136610,Mumbai Indians,186,8
1136611,Royal Challengers Bangalore,218,6
1136611,Sunrisers Hyderabad,204,3
1136612,Chennai Super Kings,128,6
1136612,Delhi Daredevils,162,5
1136613,Rajasthan Royals,164,5
1136613,Royal Challengers Bangalore,134,10
1136614,Kolkata Knight Riders,173,5
1136614,Sunrisers Hyderabad,172,9
1136615,Delhi Daredevils,174,4
1136615,Mumbai Indians,163,10
1136616,Chennai Super Kings,159,5
1136616,Kings XI Punjab,153,10
1136617,Chennai Super Kings,140,8
1136617,Sunrisers Hyderabad,139,7
1136618,Kolkata Knight Riders,169,7
1136618,Rajasthan Royals,144,4
1136619,Kolkata Knight Riders,160,9
1136619,Sunrisers Hyderabad,174,7
1136620,Chennai Super Kings,181,2
1136620,Sunrisers Hyderabad,178,6
1175356,Chennai Super Kings,71,3
1175356,Royal Challengers Bangalore,70,10
1175357,Kolkata Knight Riders,183,4
1175357,Sunrisers Hyderabad,181,3
1175358,Delhi Capitals,213,6
1175358,Mumbai Indians,176,9
1175359,Kings XI Punjab,184,4
1175359,Rajasthan Royals,170,9
1175360,Chennai Super Kings,150,4
1175360,Delhi Capitals,147,6
1175361,Kings XI Punjab,190,4
1175361,Kolkata Knight Riders,218,4
1175362,Mumbai Indians,187,8
1175362,Royal Challengers Bangalore,181,5
1175363,Rajasthan Royals,198,2
1175363,Sunrisers Hyderabad,201,5
1175364,Kings XI Punjab,177,2
1175364,Mumbai Indians,176,7
1175365,Delhi Capitals,195,7
1175365,Kolkata Knight Riders,192,9
1175366,Royal Challengers Bangalore,113,10
1175366,Sunrisers Hyderabad,231,2
1175367,Chennai Super Kings,175,5
1175367,Rajasthan Royals,167,8
1175368,Delhi Capitals,152,10
1175368,Kings XI Punjab,166,9
1175369,Rajasthan Royals,164,3
1175369,Royal Challengers Bangalore,158,4
1175370,Chennai Super Kings,133,8
1175370,Mumbai Indians,170,5
1175371,Delhi Capitals,129,8
1175371,Sunrisers Hyderabad,131,5
1175372,Kolkata Knight Riders,206,5
1175372,Royal Challengers Bangalore,205,3
1178393,Chennai Super Kings,160,3
1178393,Kings XI Punjab,138,5
1178394,Mumbai Indians,136,7
1178394,Sunrisers Hyderabad,96,10
1178395,Delhi Capitals,152,6
1178395,Royal Challengers Bangalore,149,8
1178396,Kolkata Knight Riders,140,2
1178396,Rajasthan Royals,139,3
1178397,Kings XI Punjab,151,4
1178397,Sunrisers Hyderabad,150,4
1178398,Chennai Super Kings,111,3
1178398,Kolkata Knight Riders,108,9
1178399,Kings XI Punjab,197,4
1178399,Mumbai Indians,198,7
1178400,Chennai Super Kings,155,6
1178400,Rajasthan Royals,151,7
1178401,Delhi Capitals,180,3
1178401,Kolkata Knight Riders,178,7
1178402,Mumbai Indians,187,5
1178402,Rajasthan Royals,188,6
1178403,Kings XI Punjab,173,4
1178403,Royal Challengers Bangalore,174,2
1178404,Chennai Super Kings,162,5
1178404,Kolkata Knight Riders,161,8
1178405,Delhi Capitals,155,7
1178405,Sunrisers Hyderabad,116,10
1178406,Mumbai Indians,172,5
1178406,Royal Challengers Bangalore,171,7
1178407,Kings XI Punjab,182,6
1178407,Rajasthan Royals,170,7
1178408,Chennai Super Kings,132,5
1178408,Sunrisers Hyderabad,137,4
1178409,Delhi Capitals,128,9
1178409,Mumbai Indians,168,5
1178410,Kolkata Knight Riders,203,5
1178410,Royal Challengers Bangalore,213,4
1178411,Mumbai Indians,161,5
1178411,Rajasthan Royals,162,5
1178412,Delhi Capitals,166,5
1178412,Kings XI Punjab,163,7
1178413,Kolkata Knight Riders,159,8
1178413,Sunrisers Hyderabad,161,1
1178414,Chennai Super Kings,160,8
1178414,Royal Challengers Bangalore,161,7
1178415,Delhi Capitals,193,4
1178415,Rajasthan Royals,191,6
1178416,Chennai Super Kings,176,4
1178416,Sunrisers Hyderabad,175,3
1178417,Kings XI Punjab,185,7
1178417,Royal Challengers Bangalore,202,4
1178418,Kolkata Knight Riders,175,6
1178418,Rajasthan Royals,177,7
1178419,Chennai Super Kings,109,10
1178419,Mumbai Indians,155,4
1178420,Rajasthan Royals,161,3
1178420,Sunrisers Hyderabad,160,8
1178421,Delhi Capitals,187,5
1178421,Royal Challengers Bangalore,171,7
1178422,Kolkata Knight Riders,232,2
1178422,Mumbai Indians,198,7
1178423,Kings XI Punjab,167,8
1178423,Sunrisers Hyderabad,212,6
1178424,Rajasthan Royals,41,1
1178424,Royal Challengers Bangalore,62,7
1178425,Chennai Super Kings,179,4
1178425,Delhi Capitals,99,10
1178426,Mumbai Indians,171,5
1178426,Sunrisers Hyderabad,170,8
1178427,Kings XI Punjab,183,6
1178427,Kolkata Knight Riders,185,3
1178428,Delhi Capitals,121,5
1178428,Rajasthan Royals,115,9
1178429,Royal Challengers Bangalore,178,6
1178429,Sunrisers Hyderabad,175,7
1178430,Chennai Super Kings,170,5
1178430,Kings XI Punjab,173,4
1178431,Kolkata Knight Riders,133,7
1178431,Mumbai Indians,134,1
1181764,Chennai Super Kings,131,4
1181764,Mumbai Indians,132,4
1181766,Delhi Capitals,165,8
1181766,Sunrisers Hyderabad,162,8
1181767,Chennai Super Kings,151,4
1181767,Delhi Capitals,147,9
1181768,Chennai Super Kings,148,7
1181768,Mumbai Indians,149,8
1216492,Chennai Super Kings,166,5
1216492,Mumbai Indians,162,9
1216493,Delhi Capitals,160,8
1216493,Kings XI Punjab,159,10
1216494,Kolkata Knight Riders,84,8
1216494,Royal Challengers Bangalore,85,2
1216495,Mumbai Indians,149,8
1216495,Sunrisers Hyderabad,151,0
1216496,Chennai Super Kings,200,6
1216496,Rajasthan Royals,216,7
1216497,Delhi Capitals,135,9
1216497,Kolkata Knight Riders,194,6
1216498,Kings XI Punjab,126,7
1216498,Sunrisers Hyderabad,114,10
1216499,Mumbai Indians,166,5
1216499,Royal Challengers Bangalore,164,6
1216500,Delhi Capitals,184,8
1216500,Rajasthan Royals,138,10
1216501,Chennai Super Kings,157,5
1216501,Kolkata Knight Riders,167,10
1216502,Royal Challengers Bangalore,120,7
1216502,Sunrisers Hyderabad,121,5
1216503,Kings XI Punjab,143,8
1216503,Mumbai Indians,191,4
1216504,Kolkata Knight Riders,174,6
1216504,Rajasthan Royals,137,9
1216505,Delhi Capitals,154,4
1216505,Royal Challengers Bangalore,152,7
1216506,Chennai Super Kings,154,1
1216506,Kings XI Punjab,153,6
1216507,Rajasthan Royals,163,5
1216507,Sunrisers Hyderabad,158,4
1216508,Kolkata Knight Riders,146,9
1216508,Mumbai Indians,195,5
1216509,Chennai Super Kings,179,4
1216509,Delhi Capitals,185,5
1216510,Kings XI Punjab,206,3
1216510,Royal Challengers Bangalore,109,10
1216511,Mumbai Indians,193,4
1216511,Rajasthan Royals,136,10
1216512,Kolkata Knight Riders,166,5
1216512,Sunrisers Hyderabad,165,8
1216513,Chennai Super Kings,181,0
1216513,Kings XI Punjab,178,4
1216514,Rajasthan Royals,154,6
1216514,Royal Challengers Bangalore,158,2
1216515,Delhi Capitals,228,4
1216515,Kolkata Knight Riders,210,8
1216516,Chennai Super Kings,157,5
1216516,Sunrisers Hyderabad,164,5
1216517,Kings XI Punjab,196,8
1216517,Mumbai Indians,192,8
1216518,Rajasthan Royals,154,6
1216518,Sunrisers Hyderabad,156,2
1216519,Delhi Capitals,196,4
1216519,Royal Challengers Bangalore,137,9
1216520,Kings XI Punjab,150,2
1216520,Kolkata Knight Riders,149,9
1216521,Chennai Super Kings,114,9
1216521,Mumbai Indians,116,0
1216522,Rajasthan Royals,177,6
1216522,Royal Challengers Bangalore,179,3
1216523,Kings XI Punjab,162,5
1216523,Kolkata Knight Riders,164,6
1216524,Delhi Capitals,131,10
1216524,Sunrisers Hyderabad,219,2
1216525,Chennai Super Kings,132,8
1216525,Royal Challengers Bangalore,169,4
1216526,Kolkata Knight Riders,148,5
1216526,Mumbai Indians,149,2
1216527,Kings XI Punjab,223,2
1216527,Rajasthan Royals,226,6
1216528,Chennai Super Kings,167,6
1216528,Sunrisers Hyderabad,147,8
1216529,Delhi Capitals,162,4
1216529,Mumbai Indians,166,5
1216530,Kolkata Knight Riders,191,7
1216530,Rajasthan Royals,131,9
1216531,Kings XI Punjab,177,2
1216531,Royal Challengers Bangalore,171,6
1216532,Delhi Capitals,147,7
1216532,Sunrisers Hyderabad,162,4
1216533,Chennai Super Kings,125,5
1216533,Rajasthan Royals,126,3
1216534,Royal Challengers Bangalore,163,5
1216534,Sunrisers Hyderabad,153,10
1216535,Delhi Capitals,110,9
1216535,Mumbai Indians,111,1
1216536,Chennai Super Kings,178,4
1216536,Kolkata Knight Riders,172,5
1216537,Kings XI Punjab,185,4
1216537,Rajasthan Royals,186,3
1216538,Mumbai Indians,208,5
1216538,Sunrisers Hyderabad,174,7
1216539,Chennai Super Kings,131,7
1216539,Delhi Capitals,175,3
1216540,Kolkata Knight Riders,112,9
1216540,Royal Challengers Bangalore,194,2
1216541,Mumbai Indians,195,5
1216541,Rajasthan Royals,196,2
1216542,Kings XI Punjab,132,10
1216542,Sunrisers Hyderabad,201,6
1216543,Delhi Capitals,161,7
1216543,Rajasthan Royals,148,8
1216544,Chennai Super Kings,150,2
1216544,Royal Challengers Bangalore,145,6
1216545,Kolkata Knight Riders,145,3
1216545,Sunrisers Hyderabad,142,4
1216546,Delhi Capitals,164,5
1216546,Kings XI Punjab,167,5
1216547,Mumbai Indians,208,6
1216547,Royal Challengers Bangalore,212,3
1237177,Delhi Capitals,143,8
1237177,Mumbai Indians,200,5
1237178,Royal Challengers Bangalore,131,7
1237178,Sunrisers Hyderabad,132,4
1237180,Delhi Capitals,189,3
1237180,Sunrisers Hyderabad,172,8
1237181,Delhi Capitals,156,7
1237181,Mumbai Indians,157,5
1254058,Mumbai Indians,159,9
1254058,Royal Challengers Bangalore,160,8
1254059,Chennai Super Kings,188,7
1254059,Delhi Capitals,190,3
1254060,Kolkata Knight Riders,187,6
1254060,Sunrisers Hyderabad,177,5
1254061,Punjab Kings,221,6
1254061,Rajasthan Royals,217,7
1254062,Kolkata Knight Riders,142,7
1254062,Mumbai Indians,152,10
1254063,Royal Challengers Bangalore,149,8
1254063,Sunrisers Hyderabad,143,9
1254064,Delhi Capitals,147,8
1254064,Rajasthan Royals,150,7
1254065,Chennai Super Kings,107,4
1254065,Punjab Kings,106,8
1254066,Mumbai Indians,150,5
1254066,Sunrisers Hyderabad,137,10
1254067,Kolkata Knight Riders,166,8
1254067,Royal Challengers Bangalore,204,4
1254068,Delhi Capitals,198,4
1254068,Punjab Kings,195,4
1254069,Chennai Super Kings,188,9
1254069,Rajasthan Royals,143,9
1254070,Delhi Capitals,138,4
1254070,Mumbai Indians,137,9
1254071,Punjab Kings,120,10
1254071,Sunrisers Hyderabad,121,1
1254072,Chennai Super Kings,220,3
1254072,Kolkata Knight Riders,202,10
1254073,Rajasthan Royals,177,9
1254073,Royal Challengers Bangalore,181,0
1254074,Mumbai Indians,131,6
1254074,Punjab Kings,132,1
1254075,Kolkata Knight Riders,133,9
1254075,Rajasthan Royals,134,4
1254076,Chennai Super Kings,191,4
1254076,Royal Challengers Bangalore,122,9
1254077,Delhi Capitals,167,4
1254077,Sunrisers Hyderabad,166,7
1254078,Kolkata Knight Riders,126,5
1254078,Punjab Kings,123,9
1254079,Delhi Capitals,170,4
1254079,Royal Challengers Bangalore,171,5
1254080,Chennai Super Kings,173,3
1254080,Sunrisers Hyderabad,171,3
1254081,Mumbai Indians,172,3
1254081,Rajasthan Royals,171,4
1254082,Delhi Capitals,156,3
1254082,Kolkata Knight Riders,154,6
1254083,Punjab Kings,179,5
1254083,Royal Challengers Bangalore,145,8
1254084,Chennai Super Kings,218,4
1254084,Mumbai Indians,219,6
1254085,Rajasthan Royals,220,3
1254085,Sunrisers Hyderabad,165,8
1254086,Delhi Capitals,167,3
1254086,Punjab Kings,166,6
1254087,Kolkata Knight Riders,94,1
1254087,Royal Challengers Bangalore,92,10
1254088,Mumbai Indians,235,9
1254088,Sunrisers Hyderabad,193,8
1254089,Chennai Super Kings,189,4
1254089,Rajasthan Royals,190,3
1254090,Punjab Kings,158,6
1254090,Royal Challengers Bangalore,164,7
1254091,Chennai Super Kings,139,4
1254091,Sunrisers Hyderabad,134,7
1254092,Delhi Capitals,127,9
1254092,Kolkata Knight Riders,130,7
1254093,Mumbai Indians,94,2
1254093,Rajasthan Royals,90,9
1254094,Chennai Super Kings,134,6
1254094,Punjab Kings,139,4
1254095,Royal Challengers Bangalore,137,6
1254095,Sunrisers Hyderabad,141,7
1254096,Kolkata Knight Riders,159,3
1254096,Mumbai Indians,155,6
1254097,Delhi Capitals,154,6
1254097,Rajasthan Royals,121,6
1254098,Chennai Super Kings,172,8
1254098,Kolkata Knight Riders,171,6
1254099,Mumbai Indians,137,4
1254099,Punjab Kings,135,6
1254100,Rajasthan Royals,164,5
1254100,Sunrisers Hyderabad,167,3
1254101,Delhi Capitals,164,5
1254101,Royal Challengers Bangalore,166,3
1254102,Kolkata Knight Riders,165,7
1254102,Punjab Kings,168,5
1254103,Rajasthan Royals,149,9
1254103,Royal Challengers Bangalore,153,3
1254104,Chennai Super Kings,156,7
1254104,Mumbai Indians,136,8
1254105,Delhi Capitals,139,2
1254105,Sunrisers Hyderabad,134,9
1254106,Kolkata Knight Riders,171,4
1254106,Rajasthan Royals,85,10
1254107,Punjab Kings,125,7
1254107,Sunrisers Hyderabad,120,7
1254108,Mumbai Indians,111,10
1254108,Royal Challengers Bangalore,165,6
1254109,Kolkata Knight Riders,119,4
1254109,Sunrisers Hyderabad,115,8
1254110,Chennai Super Kings,136,5
1254110,Delhi Capitals,139,7
1254111,Punjab Kings,183,4
1254111,Rajasthan Royals,185,10
1254112,Delhi Capitals,132,6
1254112,Mumbai Indians,129,8
1254113,Chennai Super Kings,157,4
1254113,Royal Challengers Bangalore,156,6
1254114,Chennai Super Kings,173,6
1254114,Delhi Capitals,172,5
1254115,Kolkata Knight Riders,139,6
1254115,Royal Challengers Bangalore,138,7
1254116,Delhi Capitals,135,5
1254116,Kolkata Knight Riders,136,7
1254117,Chennai Super Kings,192,3
1254117,Kolkata Knight Riders,165,9
1304047,Chennai Super Kings,131,5
1304047,Kolkata Knight Riders,133,4
1304048,Delhi Capitals,179,6
1304048,Mumbai Indians,177,5
1304049,Punjab Kings,208,5
1304049,Royal Challengers Bangalore,205,2
1304050,Gujarat Titans,161,5
1304050,Lucknow Super Giants,158,6
1304051,Rajasthan Royals,210,6
1304051,Sunrisers Hyderabad,149,7
1304052,Kolkata Knight Riders,128,10
1304052,Royal Challengers Bangalore,132,7
1304053,Chennai Super Kings,210,7
1304053,Lucknow Super Giants,211,4
1304054,Kolkata Knight Riders,141,4
1304054,Punjab Kings,137,10
1304055,Mumbai Indians,170,8
1304055,Rajasthan Royals,193,8
1304056,Delhi Capitals,157,9
1304056,Gujarat Titans,171,6
1304057,Chennai Super Kings,126,10
1304057,Punjab Kings,180,8
1304058,Lucknow Super Giants,169,7
1304058,Sunrisers Hyderabad,157,9
1304059,Rajasthan Royals,169,3
1304059,Royal Challengers Bangalore,173,6
1304060,Kolkata Knight Riders,162,5
1304060,Mumbai Indians,161,4
1304061,Delhi Capitals,149,3
1304061,Lucknow Super Giants,155,4
1304062,Gujarat Titans,190,4
1304062,Punjab Kings,189,9
1304063,Chennai Super Kings,154,7
1304063,Sunrisers Hyderabad,155,2
1304064,Mumbai Indians,151,6
1304064,Royal Challengers Bangalore,152,3
1304065,Delhi Capitals,215,5
1304065,Kolkata Knight Riders,171,10
1304066,Lucknow Super Giants,162,8
1304066,Rajasthan Royals,165,6
1304067,Gujarat Titans,162,7
1304067,Sunrisers Hyderabad,168,3
1304068,Chennai Super Kings,216,4
1304068,Royal Challengers Bangalore,193,9
1304069,Mumbai Indians,186,9
1304069,Punjab Kings,198,5
1304070,Gujarat Titans,192,4
1304070,Rajasthan Royals,155,9
1304071,Kolkata Knight Riders,175,8
1304071,Sunrisers Hyderabad,176,3
1304072,Lucknow Super Giants,199,4
1304072,Mumbai Indians,181,9
1304073,Delhi Capitals,173,7
1304073,Royal Challengers Bangalore,189,5
1304074,Punjab Kings,151,10
1304074,Sunrisers Hyderabad,152,3
1304075,Chennai Super Kings,169,5
1304075,Gujarat Titans,170,7
1304076,Kolkata Knight Riders,210,10
1304076,Rajasthan Royals,217,5
1304077,Lucknow Super Giants,163,8
1304077,Royal Challengers Bangalore,181,6
1304078,Delhi Capitals,119,1
1304078,Punjab Kings,115,10
1304079,Chennai Super Kings,156,7
1304079,Mumbai Indians,155,7
1304080,Delhi Capitals,207,8
1304080,Rajasthan Royals,222,2
1304081,Gujarat Titans,156,9
1304081,Kolkata Knight Riders,148,8
1304082,Royal Challengers Bangalore,68,10
1304082,Sunrisers Hyderabad,72,1
1304083,Lucknow Super Giants,168,6
1304083,Mumbai Indians,132,8
1304084,Chennai Super Kings,176,6
1304084,Punjab Kings,187,4
1304085,Rajasthan Royals,144,8
1304085,Royal Challengers Bangalore,115,10
1304086,Gujarat Titans,199,5
1304086,Sunrisers Hyderabad,195,6
1304087,Delhi Capitals,150,6
1304087,Kolkata Knight Riders,146,9
1304088,Lucknow Super Giants,153,8
1304088,Punjab Kings,133,8
1304089,Gujarat Titans,174,4
1304089,Royal Challengers Bangalore,170,6
1304090,Mumbai Indians,161,5
1304090,Rajasthan Royals,158,6
1304091,Delhi Capitals,189,7
1304091,Lucknow Super Giants,195,3
1304092,Chennai Super Kings,202,2
1304092,Sunrisers Hyderabad,189,6
1304093,Kolkata Knight Riders,158,3
1304093,Rajasthan Royals,152,5
1304094,Gujarat Titans,143,8
1304094,Punjab Kings,145,2
1304095,Chennai Super Kings,160,8
1304095,Royal Challengers Bangalore,173,8
1304096,Delhi Capitals,207,3
1304096,Sunrisers Hyderabad,186,8
1304097,Gujarat Titans,172,5
1304097,Mumbai Indians,177,6
1304098,Punjab Kings,189,5
1304098,Rajasthan Royals,190,4
1304099,Kolkata Knight Riders,101,10
1304099,Lucknow Super Giants,176,7
1304100,Royal Challengers Bangalore,192,3
1304100,Sunrisers Hyderabad,125,10
1304101,Chennai Super Kings,208,6
1304101,Delhi Capitals,117,10
1304102,Kolkata Knight Riders,165,9
1304102,Mumbai Indians,113,10
1304103,Gujarat Titans,144,4
1304103,Lucknow Super Giants,82,10
1304104,Delhi Capitals,161,2
1304104,Rajasthan Royals,160,6
1304105,Chennai Super Kings,97,10
1304105,Mumbai Indians,103,5
1304106,Punjab Kings,209,9
1304106,Royal Challengers Bangalore,155,9
1304107,Kolkata Knight Riders,177,6
1304107,Sunrisers Hyderabad,123,8
1304108,Chennai Super Kings,133,5
1304108,Gujarat Titans,137,3
1304109,Lucknow Super Giants,154,8
1304109,Rajasthan Royals,178,6
1304110,Delhi Capitals,159,7
1304110,Punjab Kings,142,9
1304111,Mumbai Indians,190,7
1304111,Sunrisers Hyderabad,193,6
1304112,Kolkata Knight Riders,208,8
1304112,Lucknow Super Giants,210,0
1304113,Gujarat Titans,168,5
1304113,Royal Challengers Bangalore,170,2
1304114,Chennai Super Kings,150,6
1304114,Rajasthan Royals,151,5
1304115,Delhi Capitals,159,7
1304115,Mumbai Indians,160,5
1304116,Punjab Kings,160,5
1304116,Sunrisers Hyderabad,157,8
1312197,Gujarat Titans,191,3
1312197,Rajasthan Royals,188,6
1312198,Lucknow Super Giants,193,6
1312198,Royal Challengers Bangalore,207,4
1312199,Rajasthan Royals,161,3
1312199,Royal Challengers Bangalore,157,8
1312200,Gujarat Titans,133,3
1312200,Rajasthan Royals,130,9
1359475,Chennai Super Kings,178,7
1359475,Gujarat Titans,182,5
1359476,Kolkata Knight Riders,146,7
1359476,Punjab Kings,191,5
1359477,Delhi Capitals,143,9
1359477,Lucknow Super Giants,193,6
1359478,Rajasthan Royals,203,5
1359478,Sunrisers Hyderabad,131,8
1359479,Mumbai Indians,171,7
1359479,Royal Challengers Bangalore,172,2
1359480,Chennai Super Kings,217,7
1359480,Lucknow Super Giants,205,7
1359481,Delhi Capitals,162,8
1359481,Gujarat Titans,163,4
1359482,Punjab Kings,197,5
1359482,Rajasthan Royals,192,7
1359483,Kolkata Knight Riders,204,7
1359483,Royal Challengers Bangalore,123,10
1359484,Lucknow Super Giants,127,5
1359484,Sunrisers Hyderabad,121,8
1359485,Delhi Capitals,142,9
1359485,Rajasthan Royals,199,4
1359486,Chennai Super Kings,159,3
1359486,Mumbai Indians,157,8
1359487,Gujarat Titans,204,4
1359487,Kolkata Knight Riders,207,7
1359488,Punjab Kings,143,9
1359488,Sunrisers Hyderabad,145,2
1359489,Lucknow Super Giants,213,9
1359489,Royal Challengers Bangalore,212,2
1359490,Delhi Capitals,172,10
1359490,Mumbai Indians,173,4
1359491,Chennai Super Kings,172,6
1359491,Rajasthan Royals,175,8
1359492,Gujarat Titans,154,4
1359492,Punjab Kings,153,8
1359493,Kolkata Knight Riders,205,7
1359493,Sunrisers Hyderabad,228,4
1359494,Delhi Capitals,151,9
1359494,Royal Challengers Bangalore,174,6
1359495,Lucknow Super Giants,159,8
1359495,Punjab Kings,161,8
1359496,Kolkata Knight Riders,185,6
1359496,Mumbai Indians,186,5
1359497,Gujarat Titans,177,7
1359497,Rajasthan Royals,179,7
1359498,Chennai Super Kings,226,6
1359498,Royal Challengers Bangalore,218,8
1359499,Mumbai Indians,192,5
1359499,Sunrisers Hyderabad,178,10
1359500,Lucknow Super Giants,154,7
1359500,Rajasthan Royals,144,6
1359501,Punjab Kings,150,10
1359501,Royal Challengers Bangalore,174,4
1359502,Delhi Capitals,128,6
1359502,Kolkata Knight Riders,127,10
1359503,Chennai Super Kings,138,3
1359503,Sunrisers Hyderabad,134,7
1359504,Gujarat Titans,135,6
1359504,Lucknow Super Giants,128,7
1359505,Mumbai Indians,201,6
1359505,Punjab Kings,214,8
1359506,Rajasthan Royals,182,6
1359506,Royal Challengers Bangalore,189,9
1359507,Chennai Super Kings,235,4
1359507,Kolkata Knight Riders,186,8
1359508,Delhi Capitals,144,9
1359508,Sunrisers Hyderabad,137,6
1359509,Gujarat Titans,207,6
1359509,Mumbai Indians,152,9
1359510,Kolkata Knight Riders,200,5
1359510,Royal Challengers Bangalore,179,8
1359511,Chennai Super Kings,170,6
1359511,Rajasthan Royals,202,5
1359512,Lucknow Super Giants,257,5
1359512,Punjab Kings,201,10
1359513,Gujarat Titans,180,3
1359513,Kolkata Knight Riders,179,7
1359514,Delhi Capitals,188,6
1359514,Sunrisers Hyderabad,197,6
1359515,Chennai Super Kings,200,4
1359515,Punjab Kings,201,6
1359516,Mumbai Indians,214,4
1359516,Rajasthan Royals,212,7
1359517,Lucknow Super Giants,108,10
1359517,Royal Challengers Bangalore,126,9
1359518,Delhi Capitals,130,8
1359518,Gujarat Titans,125,6
1359519,Lucknow Super Giants,125,7
1359520,Mumbai Indians,216,4
1359520,Punjab Kings,214,3
1359521,Kolkata Knight Riders,171,9
1359521,Sunrisers Hyderabad,166,8
1359522,Gujarat Titans,119,1
1359522,Rajasthan Royals,118,10
1359523,Chennai Super Kings,140,4
1359523,Mumbai Indians,139,8
1359524,Delhi Capitals,187,3
1359524,Royal Challengers Bangalore,181,4
1359525,Gujarat Titans,227,2
1359525,Lucknow Super Giants,171,7
1359526,Rajasthan Royals,214,2
1359526,Sunrisers Hyderabad,217,6
1359527,Kolkata Knight Riders,182,5
1359527,Punjab Kings,179,7
1359528,Mumbai Indians,200,4
1359528,Royal Challengers Bangalore,199,6
1359529,Chennai Super Kings,167,8
1359529,Delhi Capitals,140,8
1359530,Kolkata Knight Riders,149,8
1359530,Rajasthan Royals,151,1
1359531,Gujarat Titans,191,8
1359531,Mumbai Indians,218,5
1359532,Lucknow Super Giants,185,3
1359532,Sunrisers Hyderabad,182,6
1359533,Delhi Capitals,136,8
1359533,Punjab Kings,167,7
1359534,Rajasthan Royals,59,10
1359534,Royal Challengers Bangalore,171,5
1359535,Chennai Super Kings,144,6
1359535,Kolkata Knight Riders,147,4
1359536,Gujarat Titans,188,9
1359536,Sunrisers Hyderabad,154,9
1359537,Lucknow Super Giants,177,4
1359537,Mumbai Indians,172,5
1359538,Delhi Capitals,213,2
1359538,Punjab Kings,198,8
1359539,Royal Challengers Bangalore,187,2
1359539,Sunrisers Hyderabad,186,5
1359540,Punjab Kings,187,5
1359540,Rajasthan Royals,189,6
1359541,Chennai Super Kings,223,3
1359541,Delhi Capitals,146,9
1359542,Kolkata Knight Riders,175,7
1359542,Lucknow Super Giants,176,8
1359543,Mumbai Indians,201,2
1359543,Sunrisers Hyderabad,200,5
1359544,Gujarat Titans,198,4
1359544,Royal Challengers Bangalore,197,5
1370350,Chennai Super Kings,172,7
1370350,Gujarat Titans,157,10
1370351,Lucknow Super Giants,101,10
1370351,Mumbai Indians,182,8
1370352,Gujarat Titans,233,3
1370352,Mumbai Indians,171,10
1370353,Chennai Super Kings,171,5
1370353,Gujarat Titans,214,4
1422119,Chennai Super Kings,176,4
1422119,Royal Challengers Bengaluru,173,6
1422120,Delhi Capitals,174,9
1422120,Punjab Kings,177,6
1422121,Kolkata Knight Riders,208,7
1422121,Sunrisers Hyderabad,204,7
1422122,Lucknow Super Giants,173,6
1422122,Rajasthan Royals,193,4
1422123,Gujarat Titans,168,6
1422123,Mumbai Indians,162,9
1422124,Punjab Kings,176,6
1422124,Royal Challengers Bengaluru,178,6
1422125,Chennai Super Kings,206,6
1422125,Gujarat Titans,143,8
1422126,Mumbai Indians,246,5
1422126,Sunrisers Hyderabad,277,3
1422127,Delhi Capitals,173,5
1422127,Rajasthan Royals,185,5
1422128,Kolkata Knight Riders,186,3
1422128,Royal Challengers Bengaluru,182,6
1422129,Lucknow Super Giants,199,8
1422129,Punjab Kings,178,5
1422130,Gujarat Titans,168,3
1422130,Sunrisers Hyderabad,162,8
1422131,Chennai Super Kings,171,6
1422131,Delhi Capitals,191,5
1422132,Mumbai Indians,125,9
1422132,Rajasthan Royals,127,4
1422133,Lucknow Super Giants,181,5
1422133,Royal Challengers Bengaluru,153,10
1422134,Delhi Capitals,166,10
1422134,Kolkata Knight Riders,272,7
1422135,Gujarat Titans,199,4
1422135,Punjab Kings,200,7
1422136,Chennai Super Kings,165,5
1422136,Sunrisers Hyderabad,166,4
1422137,Rajasthan Royals,189,4
1422137,Royal Challengers Bengaluru,183,3
1422138,Delhi Capitals,205,8
1422138,Mumbai Indians,234,5
1422139,Gujarat Titans,130,10
1422139,Lucknow Super Giants,163,5
1426260,Chennai Super Kings,141,3
1426260,Kolkata Knight Riders,137,9
1426261,Punjab Kings,180,6
1426261,Sunrisers Hyderabad,182,9
1426262,Gujarat Titans,199,7
1426262,Rajasthan Royals,196,3
1426263,Mumbai Indians,199,3
1426263,Royal Challengers Bengaluru,196,8
1426264,Delhi Capitals,170,4
1426264,Lucknow Super Giants,167,7
1426265,Punjab Kings,147,8
1426265,Rajasthan Royals,152,7
1426266,Kolkata Knight Riders,162,2
1426266,Lucknow Super Giants,161,7
1426267,Chennai Super Kings,206,4
1426267,Mumbai Indians,186,6
1426268,Royal Challengers Bengaluru,262,7
1426268,Sunrisers Hyderabad,287,3
1426269,Kolkata Knight Riders,223,6
1426269,Rajasthan Royals,224,8
1426270,Delhi Capitals,92,4
1426270,Gujarat Titans,89,10
1426271,Mumbai Indians,192,7
1426271,Punjab Kings,183,10
1426272,Chennai Super Kings,176,6
1426272,Lucknow Super Giants,180,2
1426273,Delhi Capitals,199,10
1426273,Sunrisers Hyderabad,266,7
1426274,Kolkata Knight Riders,222,6
1426274,Royal Challengers Bengaluru,221,10
1426275,Gujarat Titans,146,7
1426275,Punjab Kings,142,10
1426276,Mumbai Indians,179,9
1426276,Rajasthan Royals,183,1
1426277,Chennai Super Kings,210,4
1426277,Lucknow Super Giants,213,4
1426278,Delhi Capitals,224,4
1426278,Gujarat Titans,220,8
1426279,Royal Challengers Bengaluru,206,7
1426279,Sunrisers Hyderabad,171,8
1426280,Kolkata Knight Riders,261,6
1426280,Punjab Kings,262,2
1426281,Delhi Capitals,257,4
1426281,Mumbai Indians,247,9
1426282,Lucknow Super Giants,196,5
1426282,Rajasthan Royals,199,3
1426283,Gujarat Titans,200,3
1426283,Royal Challengers Bengaluru,206,1
1426284,Chennai Super Kings,212,3
1426284,Sunrisers Hyderabad,134,10
1426285,Delhi Capitals,153,9
1426285,Kolkata Knight Riders,157,3
1426286,Lucknow Super Giants,145,6
1426286,Mumbai Indians,144,7
1426287,Chennai Super Kings,162,7
1426287,Punjab Kings,163,3
1426288,Rajasthan Royals,200,7
1426288,Sunrisers Hyderabad,201,3
1426289,Kolkata Knight Riders,169,10
1426289,Mumbai Indians,145,10
1426290,Gujarat Titans,147,10
1426290,Royal Challengers Bengaluru,152,6
1426291,Chennai Super Kings,167,9
1426291,Punjab Kings,139,9
1426292,Kolkata Knight Riders,235,6
1426292,Lucknow Super Giants,137,10
1426293,Mumbai Indians,174,3
1426293,Sunrisers Hyderabad,173,8
1426294,Delhi Capitals,221,8
1426294,Rajasthan Royals,201,8
1426295,Lucknow Super Giants,165,4
1426295,Sunrisers Hyderabad,167,0
1426296,Punjab Kings,181,10
1426296,Royal Challengers Bengaluru,241,7
1426297,Chennai Super Kings,196,8
1426297,Gujarat Titans,231,3
1426298,Kolkata Knight Riders,157,7
1426298,Mumbai Indians,139,8
1426299,Chennai Super Kings,145,5
1426299,Rajasthan Royals,141,5
1426300,Delhi Capitals,140,10
1426300,Royal Challengers Bengaluru,187,9
1426302,Delhi Capitals,208,4
1426302,Lucknow Super Giants,189,9
1426303,Punjab Kings,145,5
1426303,Rajasthan Royals,144,9
1426305,Lucknow Super Giants,214,6
1426305,Mumbai Indians,196,6
1426306,Chennai Super Kings,191,7
1426306,Royal Challengers Bengaluru,218,5
1426307,Punjab Kings,214,5
1426307,Sunrisers Hyderabad,215,6
1426309,Kolkata Knight Riders,164,2
1426309,Sunrisers Hyderabad,159,10
1426310,Rajasthan Royals,174,6
1426310,Royal Challengers Bengaluru,172,8
1426311,Rajasthan Royals,139,7
1426311,Sunrisers Hyderabad,175,9
1426312,Kolkata Knight Riders,114,2
1426312,Sunrisers Hyderabad,113,10
1473438,Kolkata Knight Riders,174,8
1473438,Royal Challengers Bengaluru,177,3
1473439,Rajasthan Royals,242,6
1473439,Sunrisers Hyderabad,286,6
1473440,Chennai Super Kings,158,6
1473440,Mumbai Indians,155,9
1473441,Delhi Capitals,211,9
1473441,Lucknow Super Giants,209,8
1473442,Gujarat Titans,232,5
1473442,Punjab Kings,243,5
1473443,Kolkata Knight Riders,153,2
1473443,Rajasthan Royals,151,9
1473444,Lucknow Super Giants,193,5
1473444,Sunrisers Hyderabad,190,9
1473445,Chennai Super Kings,146,8
1473445,Royal Challengers Bengaluru,196,7
1473446,Gujarat Titans,196,8
1473446,Mumbai Indians,160,6
1473447,Delhi Capitals,166,3
1473447,Sunrisers Hyderabad,163,10
1473448,Chennai Super Kings,176,6
1473448,Rajasthan Royals,182,9
1473449,Kolkata Knight Riders,116,10
1473449,Mumbai Indians,121,2
1473450,Lucknow Super Giants,171,7
1473450,Punjab Kings,177,2
1473451,Gujarat Titans,170,2
1473451,Royal Challengers Bengaluru,169,8
1473452,Kolkata Knight Riders,200,6
1473452,Sunrisers Hyderabad,120,10
1473453,Lucknow Super Giants,203,8
1473453,Mumbai Indians,191,5
1473454,Chennai Super Kings,158,5
1473454,Delhi Capitals,183,6
1473455,Punjab Kings,155,9
1473455,Rajasthan Royals,205,4
1473456,Kolkata Knight Riders,234,7
1473456,Lucknow Super Giants,238,3
1473457,Gujarat Titans,153,3
1473457,Sunrisers Hyderabad,152,8
1473458,Mumbai Indians,209,9
1473458,Royal Challengers Bengaluru,221,5
1473459,Chennai Super Kings,201,5
1473459,Punjab Kings,219,6
1473460,Gujarat Titans,217,6
1473460,Rajasthan Royals,159,10
1473461,Delhi Capitals,169,4
1473461,Royal Challengers Bengaluru,163,7
1473462,Chennai Super Kings,103,9
1473462,Kolkata Knight Riders,107,2
1473463,Gujarat Titans,180,6
1473463,Lucknow Super Giants,186,4
1473464,Punjab Kings,245,6
1473464,Sunrisers Hyderabad,247,2
1473465,Rajasthan Royals,173,4
1473465,Royal Challengers Bengaluru,175,1
1473466,Delhi Capitals,193,10
1473466,Mumbai Indians,205,5
1473467,Chennai Super Kings,168,5
1473467,Lucknow Super Giants,166,7
1473468,Kolkata Knight Riders,95,10
1473468,Punjab Kings,111,10
1473469,Delhi Capitals,201,5
1473469,Rajasthan Royals,199,7
1473470,Mumbai Indians,166,6
1473470,Sunrisers Hyderabad,162,5
1473471,Punjab Kings,98,5
1473471,Royal Challengers Bengaluru,95,9
1473472,Delhi Capitals,203,8
1473472,Gujarat Titans,204,3
1473473,Lucknow Super Giants,180,5
1473473,Rajasthan Royals,178,5
1473474,Punjab Kings,157,6
1473474,Royal Challengers Bengaluru,159,3
1473475,Chennai Super Kings,176,5
1473475,Mumbai Indians,177,1
1473476,Gujarat Titans,198,3
1473476,Kolkata Knight Riders,159,8
1473477,Delhi Capitals,161,2
1473477,Lucknow Super Giants,159,6
1473478,Mumbai Indians,146,3
1473478,Sunrisers Hyderabad,143,8
1473479,Rajasthan Royals,194,9
1473479,Royal Challengers Bengaluru,205,5
1473480,Chennai Super Kings,154,10
1473480,Sunrisers Hyderabad,155,5
1473481,Kolkata Knight Riders,7,0
1473481,Punjab Kings,201,4
1473482,Lucknow Super Giants,161,10
1473482,Mumbai Indians,215,7
1473483,Delhi Capitals,162,8
1473483,Royal Challengers Bengaluru,165,4
1473484,Gujarat Titans,209,4
1473484,Rajasthan Royals,212,2
1473485,Delhi Capitals,190,9
1473485,Kolkata Knight Riders,204,9
1473486,Chennai Super Kings,190,10
1473486,Punjab Kings,194,6
1473487,Mumbai Indians,217,2
1473487,Rajasthan Royals,117,10
1473488,Gujarat Titans,224,6
1473488,Sunrisers Hyderabad,186,6
1473489,Chennai Super Kings,211,5
1473489,Royal Challengers Bengaluru,213,5
1473490,Kolkata Knight Riders,206,4
1473490,Rajasthan Royals,205,8
1473491,Lucknow Super Giants,199,7
1473491,Punjab Kings,236,5
1473492,Delhi Capitals,133,7
1473493,Gujarat Titans,147,7
1473493,Mumbai Indians,155,8
1473494,Chennai Super Kings,183,8
1473494,Kolkata Knight Riders,179,6
1473495,Punjab Kings,122,1
1473497,Punjab Kings,219,5
1473497,Rajasthan Royals,209,7
1473498,Delhi Capitals,199,3
1473498,Gujarat Titans,205,0
1473499,Lucknow Super Giants,205,7
1473499,Sunrisers Hyderabad,206,5
1473500,Chennai Super Kings,187,8
1473500,Rajasthan Royals,188,4
1473501,Delhi Capitals,121,10
1473501,Mumbai Indians,180,5
1473502,Gujarat Titans,202,9
1473502,Lucknow Super Giants,235,2
1473503,Royal Challengers Bengaluru,189,10
1473503,Sunrisers Hyderabad,231,6
1473504,Chennai Super Kings,230,5
1473504,Gujarat Titans,147,10
1473505,Kolkata Knight Riders,168,10
1473505,Sunrisers Hyderabad,278,3
1473506,Mumbai Indians,184,7
1473506,Punjab Kings,187,3
1473507,Lucknow Super Giants,227,3
1473507,Royal Challengers Bengaluru,230,4
1473508,Punjab Kings,101,10
1473508,Royal Challengers Bengaluru,106,2
1473509,Gujarat Titans,208,6
1473509,Mumbai Indians,228,5
1473510,Mumbai Indians,203,6
1473510,Punjab Kings,207,5
1473511,Punjab Kings,184,7
1473511,Royal Challengers Bengaluru,190,9
1485779,Delhi Capitals,208,4
1485779,Punjab Kings,206,8
1527674,Royal Challengers Bengaluru,203,4
1527674,Sunrisers Hyderabad,201,9
1527675,Kolkata Knight Riders,220,4
1527675,Mumbai Indians,224,4
1527676,Chennai Super Kings,127,10
1527676,Rajasthan Royals,128,2
1527677,Gujarat Titans,162,6
1527677,Punjab Kings,165,7
1527678,Delhi Capitals,145,4
1527678,Lucknow Super Giants,141,10
1527679,Kolkata Knight Riders,161,10
1527679,Sunrisers Hyderabad,226,8
1527680,Chennai Super Kings,209,5
1527680,Punjab Kings,210,5
1527681,Delhi Capitals,164,4
1527681,Mumbai Indians,162,6
1527682,Gujarat Titans,204,8
1527682,Rajasthan Royals,210,6
1527683,Lucknow Super Giants,160,5
1527683,Sunrisers Hyderabad,156,9
1527684,Chennai Super Kings,207,10
1527684,Royal Challengers Bengaluru,250,3
1527685,Kolkata Knight Riders,25,2
1527686,Mumbai Indians,123,9
1527686,Rajasthan Royals,150,3
1527687,Delhi Capitals,209,8
1527687,Gujarat Titans,210,4
1527688,Kolkata Knight Riders,181,4
1527688,Lucknow Super Giants,182,7
1527689,Rajasthan Royals,202,4
1527689,Royal Challengers Bengaluru,201,8
1527690,Punjab Kings,223,4
1527690,Sunrisers Hyderabad,219,6
1527691,Chennai Super Kings,212,2
1527691,Delhi Capitals,189,10
1527692,Gujarat Titans,165,3
1527692,Lucknow Super Giants,164,8
1527693,Mumbai Indians,222,6
1527693,Royal Challengers Bengaluru,240,4
1529264,Rajasthan Royals,159,10
1529264,Sunrisers Hyderabad,216,6
1529265,Chennai Super Kings,192,5
1529265,Kolkata Knight Riders,160,7
1529266,Lucknow Super Giants,146,10
1529266,Royal Challengers Bengaluru,149,5
1529267,Mumbai Indians,195,6
1529267,Punjab Kings,198,3
1529268,Gujarat Titans,181,5
1529268,Kolkata Knight Riders,180,10
1529269,Delhi Capitals,179,5
1529269,Royal Challengers Bengaluru,175,8
1529270,Chennai Super Kings,184,8
1529270,Sunrisers Hyderabad,194,9
1529271,Kolkata Knight Riders,161,6
1529271,Rajasthan Royals,155,9
1529272,Lucknow Super Giants,200,5
1529272,Punjab Kings,254,7
1529273,Gujarat Titans,100,10
1529273,Mumbai Indians,199,5
1529274,Delhi Capitals,195,9
1529274,Sunrisers Hyderabad,242,2
1529275,Lucknow Super Giants,119,10
1529275,Rajasthan Royals,159,6
1529276,Chennai Super Kings,207,6
1529276,Mumbai Indians,104,10
1529277,Gujarat Titans,205,3
1529277,Royal Challengers Bengaluru,206,5
1529278,Delhi Capitals,264,2
1529278,Punjab Kings,265,4
1529279,Rajasthan Royals,228,6
1529279,Sunrisers Hyderabad,229,5
1529280,Chennai Super Kings,158,7
1529280,Gujarat Titans,162,2
1529281,Kolkata Knight Riders,159,7
1529281,Lucknow Super Giants,156,10
1529282,Delhi Capitals,75,10
1529282,Royal Challengers Bengaluru,77,1
1529283,Punjab Kings,222,4
1529283,Rajasthan Royals,228,4
1529284,Mumbai Indians,243,5
1529284,Sunrisers Hyderabad,249,4
1529285,Gujarat Titans,158,6
1529285,Royal Challengers Bengaluru,155,10
1529286,Delhi Capitals,226,3
1529286,Rajasthan Royals,225,6
1529287,Chennai Super Kings,160,2
1529287,Mumbai Indians,159,7
1529288,Kolkata Knight Riders,169,3
1529288,Sunrisers Hyderabad,165,10
1529289,Gujarat Titans,167,6
1529289,Punjab Kings,163,9
1529290,Lucknow Super Giants,228,5
1529290,Mumbai Indians,229,4
1529291,Chennai Super Kings,159,2
1529291,Delhi Capitals,155,7
1529292,Punjab Kings,202,7
1529292,Sunrisers Hyderabad,235,4
1529293,Lucknow Super Giants,209,3
1529293,Royal Challengers Bengaluru,203,6
1529294,Delhi Capitals,142,8
1529294,Kolkata Knight Riders,147,2
1529295,Gujarat Titans,229,4
1529295,Rajasthan Royals,152,10
1529296,Chennai Super Kings,208,5
1529296,Lucknow Super Giants,203,8
1529297,Mumbai Indians,166,7
1529297,Royal Challengers Bengaluru,167,8
1529298,Delhi Capitals,216,7
1529298,Punjab Kings,210,5
1529299,Gujarat Titans,168,5
1529299,Sunrisers Hyderabad,86,10
1529300,Kolkata Knight Riders,192,4
1529300,Royal Challengers Bengaluru,194,4
1529301,Mumbai Indians,205,4
1529301,Punjab Kings,200,8
1529302,Chennai Super Kings,187,5
1529302,Lucknow Super Giants,188,3
1529303,Gujarat Titans,218,4
1529303,Kolkata Knight Riders,247,2
1529304,Punjab Kings,199,8
1529304,Royal Challengers Bengaluru,222,4
1529305,Delhi Capitals,197,5
1529305,Rajasthan Royals,193,8
1529306,Chennai Super Kings,180,7
1529306,Sunrisers Hyderabad,181,5
1529307,Lucknow Super Giants,220,5
1529307,Rajasthan Royals,225,3
1529308,Kolkata Knight Riders,148,6
1529308,Mumbai Indians,147,8
1529309,Chennai Super Kings,140,10
1529309,Gujarat Titans,229,4
1529310,Royal Challengers Bengaluru,200,4
1529310,Sunrisers Hyderabad,255,4
1529311,Lucknow Super Giants,196,6
1529311,Punjab Kings,200,3
1529312,Mumbai Indians,175,9
1529312,Rajasthan Royals,205,8
1529313,Delhi Capitals,203,5
1529313,Kolkata Knight Riders,163,10
1535462,Gujarat Titans,162,10
1535462,Royal Challengers Bengaluru,254,5
1535463,Rajasthan Royals,243,8
1535463,Sunrisers Hyderabad,196,10
1535464,Gujarat Titans,219,3
1535464,Rajasthan Royals,214,6
1535465,Gujarat Titans,155,8
1535465,Royal Challengers Bengaluru,161,5
